0,1,2,3,4,5,6,7,8
000001_gray.jpg,0.0024820180145907525,7.127043836751369e-08,5.956270148127134e-10,4.2207723047567034e-11,6.427746312013922e-21,8.245399180843376e-15,1.8630325728088394e-21,000001
000001_jpg.rf.42c4ba88119aae9d425f5c004cb2ce0d_gray.jpg,0.001538115235434008,2.520130321814575e-07,2.1169835234269018e-11,2.2576652701040725e-10,-1.27251962141465e-20,1.1076632411680105e-13,9.037696335651177e-21,000001
000001_jpg.rf.a23b83dbda863601c92725ae9ba3bab7_gray.jpg,0.0013777673012354955,5.805339783662105e-08,1.568154903256816e-10,5.1307924336931174e-11,1.1980124937165132e-21,-5.8058527733978414e-15,4.443597982530472e-21,000001
000001_JPG.rf.ccfdd243a78a6cfa119be0349d18c0ed_gray.jpg,0.0018587487692333518,6.454805873594601e-08,1.4328971911167443e-10,5.7807584527960795e-11,-3.65182649296821e-21,-8.393054119685813e-15,3.78739763877609e-21,000001
000002_gray.jpg,0.0015663211588288041,3.875315736525641e-08,3.095896016734333e-11,2.211079589611811e-11,-3.373576752035526e-22,4.256705258582275e-15,4.699430544347936e-22,000002
000002_jpg.rf.ba12a4ce95a3dd81818a5e373efe28be_gray.jpg,0.0018425410400043354,5.88857127108083e-07,1.5640581245893978e-09,4.1535028252044075e-10,-1.2249843921957985e-19,1.4341436155898016e-13,3.115540899326803e-19,000002
000002_jpg.rf.cc63f3f198e4bafa011b425d63252066_gray.jpg,0.0018901572262106517,1.4278091839528853e-07,2.2997681504431823e-09,2.6661957953733886e-09,6.0076200151845476e-18,9.047442833002627e-13,2.737849947787497e-18,000002
000003_gray.jpg,0.0017032483110791165,4.39865015821911e-08,4.511127182149032e-10,5.0519685785342285e-11,1.9431051314088694e-21,1.028980761060274e-14,-7.374960818251372e-21,000003
000003_JPG.rf.94d22bad4e3f02b1bef15f769561cd9e_gray.jpg,0.0006771525441327747,1.014125603696537e-10,4.693604836684956e-14,1.1269424733567327e-13,1.2416964626268218e-27,-8.682969916110788e-19,8.101470389140123e-27,000003
000003_jpg.rf.9977c8a2ac9cb00ea0f60901a4b77333_gray.jpg,0.002550638463130103,1.8254926806005797e-07,8.863019563146342e-12,2.348997600310781e-10,-9.951309352050988e-21,-3.732932337651541e-14,3.980888660348975e-21,000003
000003_jpg.rf.9ca0e5925486fa97540b07414ea9b277_gray.jpg,0.0016243856255941955,1.9137717384962706e-07,3.99217047836145e-11,7.996395181937422e-12,-1.4285008124457764e-22,2.8918083769026535e-15,-2.4796720803434833e-24,000003
000003_jpg.rf.cf210b41c1d6dfa4e817572b3eae08b6_gray.jpg,0.003008301736108956,2.500924101463289e-06,6.520487397645567e-10,6.638386724279684e-10,3.01541360202938e-20,-8.481106013293996e-14,-4.357087514358705e-19,000003
000004_gray.jpg,0.0008713789064175711,1.0599150165043401e-08,1.0331364184037476e-11,1.912200057685651e-12,-8.258168930849413e-24,1.1737044322293498e-16,-2.0098022228955862e-24,000004
000004_jpg.rf.2b05f74aef4b9075fc4850b59e2cb840_gray.jpg,0.0017373346851912803,2.370612724774927e-07,2.1417490815958205e-10,2.612338500740471e-12,-9.627021474049092e-24,-8.720014177411973e-16,-6.103691704630001e-23,000004
000004_jpg.rf.a08d4635ed056a7cc41f66fefa9eccc4_gray.jpg,0.001631408410527506,3.3231824149933114e-07,6.552551969722637e-11,1.838337112054496e-10,3.5068483352744426e-21,1.0596965139671582e-13,1.9869267740288955e-20,000004
000004_jpg.rf.bc8c3c9f203da611f150d441db9ac7ae_gray.jpg,0.0021283730688757075,2.879630810019777e-08,2.808081739416476e-10,7.781801579697425e-10,1.2337400340551136e-19,-8.884089801279707e-14,3.4220810148641267e-19,000004
000005_gray.jpg,0.0012601551795309372,2.733865065463566e-08,4.3503990903736806e-11,4.4772815866787636e-11,-1.6120029569819336e-21,-7.361320748700297e-15,-1.1428072871798834e-21,000005
000005_jpg.rf.003793a128998b50c820a5951d5a5ba5_gray.jpg,0.0012515526023414466,4.1345717268620676e-07,6.625089570400239e-11,1.3319312893551772e-12,-1.1918415138252421e-23,5.9608047847958265e-16,-3.807317421986642e-24,000005
000005_JPG.rf.216ea83ee4d2dd49c9633c1367894151_gray.jpg,0.0009280695213540363,6.059811088608026e-09,1.0355179398484659e-10,1.7399062801352272e-12,-2.288177739954852e-23,1.331069793467282e-16,4.67434021406875e-24,000005
000005_jpg.rf.2e2ec7a6579289fe5714bdb2753880b4_gray.jpg,0.003256104598102171,4.699120219396655e-07,2.9875190099840354e-09,1.3235897796923817e-10,-7.105516652428369e-20,9.038315083062203e-14,4.3342511641794025e-20,000005
000005_jpg.rf.64c6c9f622771b349148c96d537e8ff5_gray.jpg,0.0008049867277578691,2.5887515879686707e-09,3.2438879982882025e-12,3.1898499056191846e-12,1.0123751350453095e-23,-1.0135098924926616e-16,-1.672455025558638e-24,000005
000006_gray.jpg,0.002035605677663387,9.295592423632975e-08,1.0752286888765239e-09,1.4947958676225323e-10,-5.70361232443535e-20,1.2049959917880617e-14,1.8388524725975814e-20,000006
000006_jpg.rf.0c45474870c2a5df516344df31448c15_gray.jpg,0.0024972299084830563,3.079344629094499e-07,2.093726320972941e-09,2.9696392998190103e-09,-1.0260480400140175e-20,6.756662095372611e-13,-7.404829999392301e-18,000006
000006_jpg.rf.33a70c1d2244237b53e6924046000d26_gray.jpg,0.003427077988973246,2.841057629189075e-06,3.407609532039139e-09,2.4171490471809492e-09,-4.5489860474476524e-18,-4.066963721732751e-12,5.237418116125156e-18,000006
000006_jpg.rf.6748007ba9263baa2c6a7961da13e343_gray.jpg,0.0020356921336829635,7.584494322598076e-07,2.3806665537837602e-09,7.920248900817197e-11,2.2451990096130294e-20,-1.6080186318351638e-14,-2.605222329355008e-20,000006
000006_JPG.rf.9b7b9fcb1ec280c54ddf5eafa9a0ba02_gray.jpg,0.0037436881325808337,3.112010514117279e-07,5.244436710097128e-10,9.000208003464922e-11,1.0774739618176576e-20,3.113326567467343e-14,-1.631719739605107e-20,000006
000007_gray.jpg,0.0015370811451294536,5.785939604780599e-08,9.028631837536381e-11,2.5030577952639883e-12,3.1658210510413126e-23,2.772390257349558e-18,2.0338736712670254e-23,000007
000007_JPG.rf.a40debf74b3f5228742cd22b8ea9ce08_gray.jpg,0.0010400869240599466,3.3163317321705776e-08,3.5060377199558657e-10,7.657767447719404e-11,1.209416950208232e-20,-9.55638292303629e-15,-3.342749283365132e-21,000007
000007_jpg.rf.aacac0039250183e0db8e195ab9a1e9f_gray.jpg,0.0017233977330376711,5.575183527629684e-07,1.8777551468481986e-11,2.244393453219878e-11,-1.2786478788619912e-22,-1.5938006733500656e-14,4.426553131351221e-22,000007
000007_jpg.rf.c1aa0a792a4edb7de41bcc9a00738a8a_gray.jpg,0.0025244804125496637,2.7977030175536577e-06,5.614475945309897e-09,7.904399707046421e-10,8.007026889866148e-19,1.1642466852673362e-12,1.4600199828737843e-18,000007
000007_jpg.rf.dd0bfb8e733e43961547eec533fea3b8_gray.jpg,0.001853383252916569,6.651382906631037e-08,5.0167490110590015e-12,1.3144989006079865e-10,-3.3148466063407337e-21,2.3725912323152996e-14,-6.375705216240096e-22,000007
000008_gray.jpg,0.0016660405465306312,2.551775900796134e-07,1.1279343292257785e-09,4.766880633629874e-09,1.0864046306083306e-17,2.359391168371177e-12,2.0368374997233067e-18,000008
000008_jpg.rf.581796408fb44c037aa30c62dd8400c5_gray.jpg,0.0012939879102729103,5.600166554413851e-09,9.632481705522868e-11,1.4280682126562276e-11,-1.398408469480449e-22,-1.0685951336204374e-15,5.108602979465996e-22,000008
000008_jpg.rf.a24ec77372a4a2d8f9cd694ffec10c9a_gray.jpg,0.0023634470251671126,8.136556966162246e-07,7.519744240143875e-10,7.864875963704128e-10,-4.52138369116353e-19,-1.6399876821518997e-14,-4.0174665897917186e-19,000008
000008_jpg.rf.aebe91f54e904a647432057275ae9403_gray.jpg,0.0007166234132850603,1.9657653120651163e-08,8.397947774013069e-12,7.094080323408751e-13,1.698448731404287e-24,-3.802704114813969e-17,3.368648715659745e-25,000008
000008_JPG.rf.b7fd07c74e94aeda797b5469cb78809a_gray.jpg,0.001485540909294487,4.207386566189677e-07,2.4829266243029153e-11,6.17869683195772e-11,-5.255093640105002e-22,-1.68116594130519e-14,2.3623211098090965e-21,000008
000009_gray.jpg,0.0017405754778010948,1.0479507514595328e-07,9.48977133238035e-10,1.4258636071281505e-10,-4.620581810527196e-20,-3.988877286688214e-14,-2.481968453683876e-20,000009
000009_jpg.rf.8434a803f417f51fe5ebe4f6b9697cce_gray.jpg,0.0011017667230632513,8.64556985560064e-08,3.294465129960559e-11,6.242087730126503e-11,1.862936398013547e-21,-8.772669339711298e-15,-2.1312173703817174e-21,000009
000009_JPG.rf.ae53b7d399c8fa7b5a4d80c2c59d92ed_gray.jpg,0.001020871381357004,1.2539563818524566e-08,2.6650497011051776e-12,3.2433171769529885e-11,-1.875073100963847e-22,2.1129040899295194e-15,2.361439634189747e-22,000009
000009_jpg.rf.c6c0c6c8403228f34ac9b2e13fb43904_gray.jpg,0.001369399579730033,3.846110618183832e-08,5.935508379388535e-11,1.53290949111375e-10,1.051316479245676e-21,2.7271195890656617e-14,1.458405348548991e-20,000009
000010_gray.jpg,0.0015422791793794784,1.2340098050834467e-08,2.8764422405908444e-11,1.0539893250159683e-10,9.03199632640845e-22,-1.0987150332264466e-14,-5.732680563669754e-21,000010
000010_jpg.rf.69db314ea2d581e398dbbc6b0477b22a_gray.jpg,0.0024215272927262717,4.237889426210949e-07,5.924713062998232e-09,3.1004495953110066e-09,1.2459317589986817e-17,1.9100956462209907e-12,-4.62010154975273e-18,000010
000010_jpg.rf.6c2f5a56db2ee454cac569cf9b78437a_gray.jpg,0.0018347095039314564,8.458487055154119e-08,1.185198718120844e-09,4.3453663678347795e-10,2.9932928017412616e-19,7.388270897570264e-14,-8.745097825170314e-20,000010
000010_JPG.rf.80b3f35a4216f2c10fe1457f402994bf_gray.jpg,0.0011325846993485151,1.9098283992717487e-09,1.3357055540697165e-10,3.7974325270628624e-11,-2.645157175131792e-21,1.0558812232013607e-15,5.635432212369242e-22,000010
000010_jpg.rf.d731a0e01f49ec0a95a0f3a1b10ef155_gray.jpg,0.0011292476124167056,4.206793073369092e-07,1.5546082601349995e-10,6.102888880249283e-12,-7.259138144531282e-23,3.658780744224551e-16,1.7339925815695357e-22,000010
000011_gray.jpg,0.001030813349735394,1.58969207076348e-08,1.1537301525472081e-10,4.459993159867888e-12,6.472948578310286e-23,5.580760120401493e-16,-7.775307606929976e-23,000011
000011_jpg.rf.5ce2ed4dcf441076fc5244f22aedb9b7_gray.jpg,0.0017743932951086692,2.4415650310673367e-07,7.77502532163591e-10,5.564151931895637e-10,3.659659477694716e-19,-1.6992485204956854e-13,2.3163372680653526e-21,000011
000011_jpg.rf.6559a6761a9fef22596aaea88cde3747_gray.jpg,0.0011856960586147005,6.587390260897438e-08,4.339018786396832e-11,9.582987067790319e-11,5.7136431850901024e-21,2.1275879144175815e-14,-2.3535947649956376e-21,000011
000011_jpg.rf.8b7fff6ea8f7330e402b6a7757b1866b_gray.jpg,0.0017565986014344732,1.4966139255259254e-07,8.721660697286481e-12,4.865274982269441e-11,-6.828361486722425e-22,1.5418114036766192e-14,-7.335998176033131e-22,000011
000012_gray.jpg,0.0012916643647353458,4.199118258416964e-08,2.5011433211134135e-11,2.6014482630476475e-12,1.752398125039611e-24,1.92775768519245e-16,2.0910883897304395e-23,000012
000012_JPG.rf.2c4c735b011d8b107a71fea25fa2e7cd_gray.jpg,0.0011841095876845076,5.6301078716693695e-09,1.4511143427761382e-10,1.1138172113423705e-10,1.0517435445592682e-20,-1.7982188516473665e-15,9.48140047646376e-21,000012
000012_jpg.rf.5054aa20e9cbd6b10b821db6b300ac0c_gray.jpg,0.0017048555949817636,1.87317590469163e-07,1.4373688665409661e-09,4.41872457887733e-10,3.434217238342164e-19,-5.392958715601034e-15,7.792421483308902e-20,000012
000012_jpg.rf.c50f074f2cd7a6b5362f0c6f98300848_gray.jpg,0.0016764808619449002,9.195927303097006e-08,9.325980740133703e-11,1.9486215093923975e-10,2.4528241619762907e-20,-1.4577454616332567e-14,9.402642775835934e-21,000012
000012_jpg.rf.fb1054104801ab389977b568bde7e0ce_gray.jpg,0.0011300985076461397,1.6402751450981635e-07,1.5783262015984562e-10,8.699640394622076e-12,-3.1371136607453512e-22,-3.148285465539486e-15,7.419936175769296e-23,000012
000013_gray.jpg,0.0031166767728587463,1.5377173264513143e-06,3.415377851524169e-09,1.1323679606159012e-09,-6.145246645237256e-19,-1.4041887572882874e-12,2.140430697256804e-18,000013
000013_jpg.rf.276a38f9b9f8e84d3f72cc9cabba0cfc_gray.jpg,0.0014811808284541494,5.579166947565414e-08,7.157939352040091e-12,8.621146148943515e-12,3.8997711524663154e-23,8.975985525674968e-16,5.536872587192016e-23,000013
000013_jpg.rf.29e141f4c018605414d7abd5ec4740e9_gray.jpg,0.003743840318947675,3.304746898069585e-07,3.1534616311012806e-09,1.7667465246337721e-10,8.019633381024121e-20,-9.924431198333139e-14,1.0468513145715003e-19,000013
000013_jpg.rf.9ba00883de5b5dd801c272cce5818c89_gray.jpg,0.0012550335296412534,1.376576026539156e-07,6.716875973014137e-11,1.0830393031378831e-10,6.878554457692138e-21,-2.196880216110047e-14,6.165642048804906e-21,000013
000013_JPG.rf.da886096a055f2b459a99d202eb3fdbf_gray.jpg,0.0016732349916729352,7.311975409580464e-09,1.1549899118587469e-10,2.8385530137400505e-10,-3.886460964440373e-20,4.9154054981501e-15,3.3632651989453657e-20,000013
000014_gray.jpg,0.0011810401148339511,2.2170523939898791e-07,7.171865508495424e-10,5.784100832330529e-10,3.3747516412603213e-19,2.563284205270036e-13,-1.577802590455307e-19,000014
000014_jpg.rf.38b062b115e46087392c4a6a42009aa3_gray.jpg,0.0022567427214318352,5.883101665438011e-08,1.2720008063712214e-09,6.637815541659916e-10,6.099190655369449e-19,-9.177034170372145e-14,-3.9815583469918685e-21,000014
000014_JPG.rf.7b43c4e66af30c5b5e9914628b7a92e1_gray.jpg,0.0015183669685245667,9.116901504821226e-08,1.562857352334413e-10,2.0311529244442963e-11,-4.213114965257864e-22,-5.484156027648098e-15,-1.0640123958757345e-21,000014
000014_jpg.rf.927348ca51d74a05e3c578fcce761d33_gray.jpg,0.000671788225876894,8.45656939530549e-09,1.074270012875512e-11,8.633368974498732e-14,-8.29333325956926e-26,-7.93756891735957e-18,5.904929908567225e-27,000014
000014_jpg.rf.ea60de2dbaca4cb3980931bc035b65b9_gray.jpg,0.0010610157982371942,3.0427887924280506e-08,4.681869184394384e-11,2.469258771086539e-11,-2.768604742474184e-22,-4.131045837923202e-15,7.926125226228216e-22,000014
000015_gray.jpg,0.0009331313512161758,6.276833963709481e-08,3.6559651491914293e-11,1.614314316507357e-11,-2.5152543378417504e-22,-3.766975783388608e-15,3.0089616135095927e-22,000015
000015_jpg.rf.8a658891a7ac82f12000145ec489cf4c_gray.jpg,0.0019815920856233677,1.4264944062015528e-07,4.2992015324378386e-10,3.6429669941375033e-10,-8.832556245886345e-20,-2.5288618391409868e-14,-1.139463109641867e-19,000015
000015_JPG.rf.df7d83766fb301cd8635988698f82196_gray.jpg,0.0013057856901399672,2.8724711843371652e-08,3.7899869157034476e-11,1.9571211960645859e-10,-1.6018971222983166e-20,3.253222935027432e-14,-5.2445598431979e-21,000015
000015_jpg.rf.eebd5ba151182f6edadd573ffdf6fe85_gray.jpg,0.0019899350089678984,1.512155916225874e-08,4.907191663009361e-10,1.8173301079831102e-10,4.4432426403934626e-20,1.7281894517799472e-14,3.116236581563909e-20,000015
000015_jpg.rf.f1be72fdd82f24951e7abf8c86b9dbeb_gray.jpg,0.0018137195499208585,6.0152612317988e-07,6.168233086987112e-10,3.8661800790947903e-10,-1.459399246344451e-19,-1.931677600636806e-13,1.197799120508139e-19,000015
000016_gray.jpg,0.0018648822472520426,4.71519477396267e-07,9.20997624903454e-11,6.679900499579379e-10,8.06997138009239e-21,4.227249442186263e-13,-1.6548875471382357e-19,000016
000016_jpg.rf.44f83f63a4ab9ab4519ff90f087397c4_gray.jpg,0.0010105010616436674,5.094438449699073e-09,9.466312499338827e-11,5.417268805672178e-11,3.848522076295509e-21,-2.961225457909564e-15,-4.882368049634035e-22,000016
000016_jpg.rf.62a0c2e7104b1c47655ff1d0bc5890dd_gray.jpg,0.0012612853526662235,1.6071252243847411e-09,1.3331583216712868e-11,1.5212371398158538e-11,1.9625289126571985e-22,-5.95273484473985e-16,-9.17451515749483e-23,000016
000016_jpg.rf.73e85f3f95f7bdba3be928f90b7586f5_gray.jpg,0.0017492124457426854,1.3774811645364562e-07,4.872952067814436e-10,3.180426940809401e-10,8.164525297287379e-20,1.1602617345295036e-13,9.492379854331057e-20,000016
000016_JPG.rf.9a8b06d326724914d88ff7bf7e59a19b_gray.jpg,0.0027964343030784634,8.580268262812962e-08,1.038683554149338e-08,8.677380367472596e-09,-4.347922349992892e-18,1.1192411605343267e-12,8.226571121516688e-17,000016
000017_gray.jpg,0.0008730801594061233,1.0684887176118609e-08,1.0115924942289817e-11,1.8832638807500297e-12,-8.041326877016355e-24,1.2217141932394767e-16,-1.7043359709539443e-24,000017
000017_jpg.rf.1b16bea2730faf919fea7016568d1630_gray.jpg,0.0014601236058620138,1.0667222564452507e-08,1.919053697190322e-10,1.8338784406040858e-10,5.937672545386046e-21,1.075509156335946e-14,-3.3886976285263994e-20,000017
000017_jpg.rf.8f00dc3b244ac3116d76a494bf3d15c1_gray.jpg,0.0016781870358727538,4.053816407074504e-08,5.961968101045766e-11,1.505416900686197e-11,3.635582029972128e-24,2.873720700553399e-16,4.509889428081975e-22,000017
000017_jpg.rf.ba2e5fa6533e4d7816d2a7e294a6d040_gray.jpg,0.0008434994408462097,3.133218933011555e-08,1.8572023630729358e-11,3.293998583833772e-12,2.4526556978368998e-23,-9.858171577373327e-17,7.888985160079882e-24,000017
000017_JPG.rf.da78d08bc1a77af01c0c4c51a71f6f70_gray.jpg,0.0006975749148381031,2.7695162155563244e-09,1.8183578685316854e-14,7.523438016783779e-13,-2.992619299569728e-26,-3.748540712266204e-17,-8.275121918633562e-26,000017
000018_gray.jpg,0.0012623770876121125,2.736024185291865e-08,4.137636180589923e-11,4.415275729580743e-11,-1.6089620325512462e-21,-7.242674832322008e-15,-9.862466625894554e-22,000018
000018_jpg.rf.0058d47042114f3a156f9232b3a53568_gray.jpg,0.0013003037567101746,7.930789906001847e-08,7.656311828707807e-11,7.610264330108147e-12,-4.710237349756913e-23,-1.8767778424571657e-15,-1.7755871485907839e-22,000018
000018_JPG.rf.36e111eac7cbfd6aaa50376c786844a0_gray.jpg,0.001961960730386852,3.267220469731018e-08,1.535561934299627e-09,1.745235593443585e-10,-5.08979307209882e-21,2.4511091874667477e-14,9.020373024046319e-20,000018
000018_jpg.rf.5ed8b50a0baee1603b659c848822fa24_gray.jpg,0.0009930008311513226,3.011747518689501e-08,7.28003990149628e-11,4.8454912065238194e-11,2.718364143094228e-21,-1.0602944020801005e-15,9.448410019545786e-22,000018
000019_gray.jpg,0.003100169052530159,1.5160114222255108e-06,3.4170648874231494e-09,1.0413622454267445e-09,-4.0276245290271345e-19,-1.2819129727185725e-12,1.922664722414765e-18,000019
000019_JPG.rf.84f4d33da2cd2fcf85f50f1d715a46eb_gray.jpg,0.0007798818698095969,1.6949081731731048e-08,6.951291848346098e-11,5.5187166303379764e-12,1.2109604530695427e-23,-6.430506279434761e-16,-1.0741062150188027e-22,000019
000019_jpg.rf.a18fa60b6d2094c68414610227aa951d_gray.jpg,0.002980100680561572,1.0438291159397459e-07,8.045359439525258e-10,1.1900985011045601e-09,1.3354742134307966e-19,-2.619181214491287e-13,-1.1568373994693986e-18,000019
000019_jpg.rf.cdf730508ce823ef87c6ee777bf9cf1c_gray.jpg,0.0018155159495527365,6.097128194173221e-08,1.015756176499325e-09,6.30017419524427e-10,2.8290977960143993e-19,1.29442652147377e-13,-4.170970032101234e-19,000019
000019_jpg.rf.e4d28c72e4ca25a59b07de7d8cc87080_gray.jpg,0.0020025823385752092,1.4104974468370987e-06,7.599317226186407e-10,4.3341534074080844e-10,2.477220182226684e-19,4.919155943710531e-13,-2.246866725398723e-20,000019
000020_gray.jpg,0.0013142671758862839,1.2854626181430707e-07,2.449547216896301e-11,6.446208602276439e-11,1.2126976329435406e-21,2.2129489668073e-14,2.256280171699751e-21,000020
000020_jpg.rf.94c0d1159c8aaa257792cf2c13801ef9_gray.jpg,0.0012752416656844423,6.868571879635524e-08,6.83669770744131e-10,1.6967555386182008e-10,-2.6070441819373147e-20,7.779636344507641e-15,5.157525619336206e-20,000020
000020_jpg.rf.b2ba1f0d153f592d072b38bdd755df45_gray.jpg,0.0013056043025924755,1.2389203148606113e-09,5.3553328517553016e-11,2.9875941348209835e-11,-1.1394620416904462e-21,-9.153883849346878e-16,3.601417325824605e-22,000020
000020_JPG.rf.ebbafb64b09f4937003dcda6b94d27ee_gray.jpg,0.0013115359662118154,1.5596481480488724e-08,2.7163138397067915e-11,2.6441692742458573e-11,5.546574730284056e-22,1.2114129204171208e-15,-4.41045978919355e-22,000020
000021_gray.jpg,0.0008124900793841898,5.039705937776066e-09,5.374007501280179e-12,9.465668414177559e-13,-1.2590618330859662e-25,-2.0717908557694633e-17,-2.131176841952451e-24,000021
000021_jpg.rf.22832d293d317b13e588374218a71e00_gray.jpg,0.0006696314842009071,3.8006517510788305e-11,5.422299667789703e-14,1.62123729433087e-14,4.135810005039895e-28,-1.2454266397679559e-20,-2.4496930345720735e-28,000021
000021_jpg.rf.686ef3b74a19214af6e22e15ad692bca_gray.jpg,0.0023843477502657395,3.677934028056107e-08,2.3836591195830947e-11,5.2991379686867824e-11,-7.403440142297102e-22,9.653257286286154e-15,1.731727357049448e-21,000021
000021_JPG.rf.83716ea370ecf4752af77f799e00cff8_gray.jpg,0.0009456521367465478,3.325341279823123e-08,1.2569288645585707e-10,2.9151420152189255e-11,-9.411195082443233e-22,-4.590848293489434e-15,1.4926780885971966e-21,000021
000021_jpg.rf.dedb632cd4867ee95608a988ff38fee7_gray.jpg,0.003703398735080556,6.774848968825508e-07,9.013643253868039e-11,1.54338876542505e-09,5.349008624418869e-19,2.5075772138231916e-13,2.1274662176760028e-19,000021
000022_gray.jpg,0.002580144610696499,1.0259503614538365e-06,2.780054667536096e-09,8.421511521158043e-10,-6.120641370977356e-19,-8.509963986934707e-13,1.1339394174960687e-18,000022
000022_JPG.rf.2142a3416365cf34993f4abb1d7d8458_gray.jpg,0.0014784466225503544,5.533829696228791e-07,6.064896207430867e-11,1.3720167317638205e-10,1.1615999265188048e-20,-9.665255380587767e-14,4.659202938325096e-21,000022
000022_jpg.rf.24374a2700679021d5ab94c2ad2434e7_gray.jpg,0.0017282487709015444,1.1981957258827498e-07,1.7685836365326826e-10,5.287794070095809e-12,9.73283278921802e-23,-1.2723564977610422e-15,-1.291349775426798e-22,000022
000022_jpg.rf.6305b19f11fbdabcba40fa94e8b45bbd_gray.jpg,0.0017630577193602898,5.485399585192057e-09,5.281677147524472e-10,1.219665602388833e-10,2.755523641533093e-20,7.761181428147038e-15,1.410648134521544e-20,000022
000022_jpg.rf.6c1e872d94a0fb00c1d2b610a5c3184a_gray.jpg,0.0037374216860224466,3.6427958841904434e-08,6.848115220738564e-09,5.450708824338988e-10,6.195804114328974e-19,7.724570153944104e-14,8.515375408486865e-19,000022
000023_gray.jpg,0.0015893102674793917,2.8884103244119884e-07,5.851511465293554e-10,1.4816881771877048e-10,3.551388928122452e-20,-2.6777976820163867e-14,2.5341678463199655e-20,000023
000023_jpg.rf.1957fc0be7e5963e79f9caa40915198d_gray.jpg,0.002405563989843075,4.3651155426497684e-08,3.483817229940932e-10,1.7463440809114836e-10,3.571934635522776e-20,-2.2963974909021124e-14,-2.407403814688005e-20,000023
000023_jpg.rf.2c7afb3316f1734a18b8d1169b907f85_gray.jpg,0.0014711667200144052,2.2762822787120818e-08,4.6557432500293545e-11,1.9277985559554332e-11,4.437764632421886e-22,1.1301042480370017e-15,-3.696247523875376e-22,000023
000023_jpg.rf.5aa9e0a58af86a4baa08d4bfe7513ef9_gray.jpg,0.001557514537785739,7.935098523079221e-08,1.932492007367483e-10,4.4237368042063173e-10,-5.903325216585431e-20,1.2247742721208478e-13,1.1508551055846988e-19,000023
000023_JPG.rf.c65a0d2377e99a060d4cfac3b8273594_gray.jpg,0.0012617630255509775,5.0866401233507526e-09,4.674347470691706e-10,6.19867551924522e-12,3.3361450612933035e-22,2.551197391851921e-16,-5.724454403621708e-24,000023
000024_gray.jpg,0.003972510831275643,2.937811987648693e-06,2.4807053798047224e-08,1.4887322890778837e-08,1.3309002860886327e-16,2.469191862206198e-11,2.532552802568289e-16,000024
000024_jpg.rf.090bff7e0ebd097734b99fa1013d587d_gray.jpg,0.0013264428913073705,3.41490602724941e-09,1.5626692624663342e-11,3.307148818236627e-11,-6.993431352920522e-22,-1.904475987485999e-15,2.7595867002265136e-22,000024
000024_jpg.rf.5545363767994e0edf0a31ceda3dc6e5_gray.jpg,0.0010669302933982092,4.781743352400792e-09,1.3634908253580106e-12,1.0295567563556374e-11,3.757328768393921e-23,2.4358518974357505e-16,8.73204598671811e-24,000024
000024_jpg.rf.5ae48b6ddd7f0f7f3ba97f14717cc6c6_gray.jpg,0.002508469496956823,2.7118558475921104e-07,1.0476525912942229e-09,1.843281418208959e-10,6.75720151977963e-20,2.642432717837498e-14,-4.4669430095842674e-20,000024
000024_JPG.rf.f8cbab833a31156b0ba7441b9bcee081_gray.jpg,0.0009438310886090661,1.1659200298790317e-07,5.988747279367703e-11,1.6926837064440025e-11,-5.021702086280844e-22,-4.688935201087449e-15,-1.9562659019430247e-22,000024
000025_gray.jpg,0.0009524543292288505,1.5613020733278627e-11,2.41822041573253e-14,5.832813343132436e-12,1.10020409839258e-24,-2.0553731164733007e-17,-1.8942869315573314e-24,000025
000025_jpg.rf.27b0c7d7e6bb159099bf20cc703c2662_gray.jpg,0.0016714506789419431,8.223548623392373e-09,9.211097309406395e-11,1.1191363200153147e-11,1.1454841513011964e-22,8.494843004376966e-16,-3.405712810418835e-22,000025
000025_jpg.rf.2c5a598559f4ac3e19a1a3bf2a098d4a_gray.jpg,0.0012504879751994644,2.6135453409241723e-08,1.3068590381680952e-11,2.2798305600150533e-11,-3.9320134928050813e-22,-3.644797394473627e-15,-1.5865110626736178e-23,000025
000025_JPG.rf.815dda9504412159afed35e46b5a7bc6_gray.jpg,0.0018764852338744786,1.3483332965903955e-06,1.662026507294107e-09,2.5578742888408473e-09,4.578306662227377e-18,2.2059510959653697e-12,2.6179919982050825e-18,000025
000025_jpg.rf.96f8a937bf9ac013ea3422706daad7f2_gray.jpg,0.00225923940125499,1.914085659902212e-07,2.142021173614139e-09,1.8452189776691613e-09,-3.19641206015143e-18,9.154207117947659e-15,-1.800151735871362e-18,000025
000026_gray.jpg,0.0019386271091593184,2.4751153092622287e-07,5.790853720284775e-10,8.024013551485887e-11,1.6914441198846245e-20,9.035414418386872e-15,3.615431351199132e-21,000026
000026_jpg.rf.0c461fdb6595f50eeb6fee3b8532f452_gray.jpg,0.0015963049818349642,1.1507477051728973e-07,3.466280475436655e-10,5.644338349764267e-10,2.418958573906649e-19,-1.4611527707533763e-13,-6.178358384251577e-20,000026
000026_JPG.rf.4e2d2c91e5c4c4797ec026217430960c_gray.jpg,0.0008437225903892302,2.096016314158357e-09,3.8900020409455393e-11,2.2522897286262422e-11,6.577859480372752e-22,-6.701829075750102e-16,-1.0847730971687402e-22,000026
000026_jpg.rf.7f0e1403c9665cc1ab664ca6100d6308_gray.jpg,0.0010700646639508309,1.0831177351990887e-08,5.324525304324873e-11,2.7961179637542176e-11,-7.696235632290887e-22,-1.769830111475254e-15,-7.560849944698459e-22,000026
000026_jpg.rf.cb9edd2738736188ea9a5c1a33f2d085_gray.jpg,0.0019851041096683644,9.198306399505672e-08,5.046948434370198e-10,1.7482490452962571e-10,1.6286647894898954e-20,5.287762912807994e-14,4.9310071729378506e-20,000026
000027_gray.jpg,0.0009121373325165885,2.022063154372913e-09,1.7130370948460545e-11,4.916960500216836e-13,6.205763676072079e-26,-2.198146060424874e-17,1.4256647410575424e-24,000027
000027_jpg.rf.17f02195e9d2f6c52cf2ec29995d1190_gray.jpg,0.0011839095138698665,2.092121737085044e-08,2.3609985941239514e-11,1.31939317961348e-10,4.178350844192242e-21,-1.795933580586917e-14,6.063723327108651e-21,000027
000027_jpg.rf.78100628554443378adcc62660a75524_gray.jpg,0.0014679242245561794,9.186547340169594e-09,8.18362976273446e-12,2.6776635524113798e-11,2.4822783777322845e-22,1.3493400156116555e-15,3.09025271163773e-22,000027
000027_JPG.rf.8063f46827257d27073fc88c205da226_gray.jpg,0.004632513619039653,1.6120732158448982e-05,1.8791317431992465e-08,1.7243861566939154e-08,1.6692016538732398e-16,5.214152369320005e-11,-2.6170532232266793e-16,000027
000027_jpg.rf.971b8cf615c3c0239d8d8acf9bf5e93b_gray.jpg,0.002125769653576517,3.829257885117117e-09,2.8110556572356354e-10,1.4741963553759788e-11,-6.112343346390715e-22,7.716189985136223e-16,-7.259475524800055e-22,000027
000028_gray.jpg,0.0009933449535773728,3.8636518591063923e-07,7.29864374428411e-11,2.186522982771343e-11,-1.3116068187071687e-22,-1.0694549637851443e-15,-8.635747394762918e-22,000028
000029_gray.jpg,0.0014378159118895813,9.842454579239042e-08,1.1787486936070936e-10,2.893161298480238e-10,-2.1889237797898626e-20,-5.661804628241336e-14,4.873829294269599e-20,000029
000030_gray.jpg,0.0008099142514113205,2.6130922089831823e-09,3.0353934997766175e-13,1.6699250907178743e-12,-1.1822786902167853e-24,-8.037900562233951e-17,-1.2549963125768184e-25,000030
000031_gray.jpg,0.0012194808273351138,6.416066474203609e-09,2.7988184896093317e-11,7.811246800507286e-12,-1.0830885897703438e-22,5.854296972913541e-16,4.010706000812367e-23,000031
000032_gray.jpg,0.0015212587958866868,2.873206550757543e-08,9.458385623567676e-11,3.201449329898634e-11,1.7094746424297953e-21,5.304477094287095e-15,4.25715106449654e-22,000032
plastik (1)_gray.jpg,0.002442242449232828,4.522011506830862e-07,7.961746887327964e-11,3.0079794160296483e-10,7.506182311934234e-21,-4.636249649860829e-14,-4.594047970581029e-20,plastik (1)
plastik (10)_gray.jpg,0.0011520168909183424,3.532311305280375e-08,2.3229745824634103e-11,3.5548005265037954e-12,-3.6471452957828135e-24,5.262581288763496e-16,-3.2096617166358714e-23,plastik (10)
plastik (11)_gray.jpg,0.0015317658224754719,8.852179128059334e-08,6.605229851943254e-11,4.97348070812209e-11,-5.251616227867869e-22,1.7927718828438875e-15,-2.8017965006452414e-21,plastik (11)
plastik (12)_gray.jpg,0.0009181742042969334,1.3620015593501167e-08,2.0157908435975202e-11,5.9750756936414166e-12,-2.967457749015364e-23,6.111604502380679e-16,5.847641578036767e-23,plastik (12)
plastik (13)_gray.jpg,0.0016599648701258202,3.5374556593841764e-07,2.2737467199799178e-11,9.46377963133524e-10,1.2707625123749307e-19,5.626007726051009e-13,-5.589304658167484e-20,plastik (13)
plastik (14)_gray.jpg,0.000968845223690353,8.759443403824124e-08,1.0613580291284023e-10,5.368189880193665e-11,3.8718572108674184e-21,1.2019889253680748e-14,1.1948543408626679e-21,plastik (14)
plastik (15)_gray.jpg,0.0008246664415590302,3.0225486062593245e-09,3.180262074923782e-11,5.088805435035618e-13,-1.6554516025783623e-24,-2.6832973302956362e-17,1.2043298557651965e-24,plastik (15)
plastik (16)_gray.jpg,0.0012608408169838066,1.2103288928943852e-08,3.3986722259035125e-10,8.973046348892473e-11,1.302963014143192e-20,-7.021331603220859e-15,-8.704743686774055e-21,plastik (16)
plastik (17)_gray.jpg,0.0013735436733048995,4.9277837695287204e-08,6.655516546041495e-10,3.768418846317965e-11,-1.98702173841013e-21,8.337788329202179e-15,-5.627513046844307e-21,plastik (17)
plastik (18)_gray.jpg,0.0011023750453362032,4.32197345400866e-08,3.834999185958917e-11,1.0001703983161738e-11,2.1677130491245723e-23,1.7566159201719982e-15,-1.9467845678477717e-22,plastik (18)
plastik (19)_gray.jpg,0.0009654674591340869,1.005655971434068e-08,1.0833172724750792e-11,2.4657343557962326e-13,3.560667172922931e-25,-1.503603196082274e-18,1.8873174621171705e-25,plastik (19)
plastik (2)_gray.jpg,0.0010559781333690976,1.2151926892069464e-08,1.8695980067442365e-10,6.860163681779665e-11,6.3577404750778655e-21,6.963548814421893e-16,4.465363934294203e-21,plastik (2)
plastik (20)_gray.jpg,0.0011722943542060796,1.89602837594318e-08,8.929905913161614e-11,8.806333104763279e-12,2.433808256005944e-22,-4.569232778107711e-16,-4.185765227363855e-23,plastik (20)
plastik (21)_gray.jpg,0.0008953249092195509,2.563634946300647e-08,3.631700079470645e-11,1.2636076456598045e-11,1.6618567864989513e-22,1.5504969091920321e-15,-2.1367213684839017e-22,plastik (21)
plastik (22)_gray.jpg,0.000927726496034548,1.0144875385924555e-09,1.1101227856403543e-13,3.690859197555099e-12,5.45496506087354e-25,1.0024685472552122e-16,2.2986878770890854e-24,plastik (22)
plastik (23)_gray.jpg,0.00245479090045863,1.5531111877839828e-06,1.2350806053370086e-09,1.4101332612595355e-09,-6.862696638884351e-19,2.3307173078342755e-13,-1.7298033371910411e-18,plastik (23)
plastik (24)_gray.jpg,0.001192988827562315,8.795446105639093e-08,9.32900875474058e-11,5.158663720522751e-11,-3.319477343782433e-21,-1.5205871084104545e-14,1.3371846074362409e-21,plastik (24)
plastik (25)_gray.jpg,0.0008108320336478463,9.606096520741903e-11,5.97917486578106e-14,3.665182529065899e-14,1.715356714715955e-27,6.7671670996028e-20,3.854089622525274e-29,plastik (25)
plastik (26)_gray.jpg,0.0008399134998349745,1.9237634326027196e-08,2.6366440686715142e-11,1.849318682130773e-12,4.5813860124104694e-24,-1.484666060755406e-16,-1.2073480878140562e-23,plastik (26)
plastik (27)_gray.jpg,0.0008562633876092087,4.264651523228138e-10,9.862673884572499e-14,1.1649780279237016e-12,-2.607348723109985e-26,2.2217814718004887e-17,3.9402627714371885e-25,plastik (27)
plastik (28)_gray.jpg,0.0014084272490079556,1.3889489646019943e-07,1.3377356793799414e-10,2.468353920875037e-11,1.4135453776837066e-21,8.089286646208234e-15,-1.1715625629939896e-22,plastik (28)
plastik (29)_gray.jpg,0.0010862180672893034,1.8233577085646126e-09,2.024543297490941e-10,3.845211374963057e-11,3.391508585927773e-21,1.1584217954422526e-15,8.943247711069657e-23,plastik (29)
plastik (3)_gray.jpg,0.0007350092551908641,7.434444683498155e-10,5.733144227697715e-13,1.1360159959285602e-12,3.4001960751334073e-25,-3.355560481546583e-18,-8.514124126433558e-25,plastik (3)
plastik (30)_gray.jpg,0.0011663284137821421,8.003678076713769e-09,1.0831002048106936e-10,3.296955704396657e-12,-3.3735916543905037e-23,-4.6338484789674466e-17,-5.237807624224133e-23,plastik (30)
plastik (31)_gray.jpg,0.0019770575229262365,2.761058122943075e-08,1.224657629695222e-11,3.7802966007022e-11,-3.8689425834686368e-22,-3.1340256037941143e-15,-7.1547745839296075e-22,plastik (31)
plastik (32)_gray.jpg,0.0008950867972484353,8.198970967104386e-08,1.1170632259553234e-10,1.0270829349532584e-11,-9.515174570938092e-23,-1.8907169851311503e-15,3.346288944305175e-22,plastik (32)
plastik (33)_gray.jpg,0.0018902595160557299,5.758203927608208e-08,3.6619602436476526e-10,1.4038335712083294e-10,2.7098805570628194e-20,2.8586897344180346e-14,1.6696521252217216e-20,plastik (33)
plastik (34)_gray.jpg,0.0013272257150808505,9.309491714642797e-08,1.6263610768039734e-10,7.0718360065691126e-12,1.5763331107383152e-22,2.0957813261728863e-15,1.807512904758823e-22,plastik (34)
plastik (35)_gray.jpg,0.0007818302041135423,1.0645100546753609e-08,7.343935559784056e-13,1.347008708844782e-12,-7.235614751683708e-25,-6.189801050241564e-17,-1.1275451250549472e-24,plastik (35)
plastik (36)_gray.jpg,0.0008859873191134169,1.603422431689643e-08,3.012479948928673e-11,2.7009037415666268e-12,-4.5270449418472825e-24,-3.4188302633474786e-16,-2.3938418979587356e-23,plastik (36)
plastik (37)_gray.jpg,0.0013126710145824577,1.7145787700329814e-08,5.20926218609801e-12,5.4427301116633306e-11,-4.52093247722056e-22,1.42814723070438e-15,7.971887019290103e-22,plastik (37)
plastik (38)_gray.jpg,0.0007232544957557119,2.8093516480491285e-10,2.389626084676146e-13,1.8029492124143286e-13,-2.874889838254099e-26,2.65311176833114e-18,-2.3958134082064634e-26,plastik (38)
plastik (39)_gray.jpg,0.000696578944229004,2.883863882871713e-11,9.348846869255584e-14,7.477875089154243e-14,5.926291480617111e-27,2.2471808096527303e-20,1.9928620452042656e-27,plastik (39)
plastik (4)_gray.jpg,0.001474932232128262,2.6731911716193665e-09,2.9631455597707457e-12,2.2639499215610845e-12,6.642216174562367e-25,1.6310155920086977e-17,-5.826025659117645e-24,plastik (4)
plastik (40)_gray.jpg,0.0027883200550271343,4.613981223880606e-08,2.702003625005454e-10,1.1317100260304605e-09,5.555825967121823e-19,2.414256628453938e-13,-2.8804847532313665e-19,plastik (40)
plastik (41)_gray.jpg,0.001524141768423348,8.516636077318053e-08,6.71602998863817e-11,4.7981562620517074e-11,-5.137863967397798e-22,1.7906018304387274e-15,-2.674856978985145e-21,plastik (41)
plastik (42)_gray.jpg,0.0007025320800788807,6.687580546141224e-12,1.561403625230596e-14,1.0362704156009756e-14,8.985776701510167e-29,-2.240073107928139e-20,9.644152917931071e-29,plastik (42)
plastik (43)_gray.jpg,0.0008389516256545186,2.6498824974088372e-09,5.233353436421302e-13,9.610490178605681e-12,1.5632116823212233e-24,-1.118104626212166e-16,2.1496266870817358e-23,plastik (43)
plastik (44)_gray.jpg,0.0007891086344249019,1.1748162993239497e-08,1.3249595832778042e-12,5.37820113632142e-13,3.0578536587658037e-25,-5.1767513223489406e-17,3.3557753314203377e-25,plastik (44)
plastik (45)_gray.jpg,0.0015782383326641708,3.00603843056384e-08,3.0641505058534313e-10,4.77764155568959e-10,1.6557494253303628e-19,-6.568930404381439e-14,-7.746389727520042e-20,plastik (45)
plastik (46)_gray.jpg,0.0012459523073868708,7.499932636158077e-11,4.0636366659552155e-11,1.3497887906015762e-11,1.3491132776454155e-22,1.1196020037792947e-16,2.8588934089694605e-22,plastik (46)
plastik (47)_gray.jpg,0.0021378734724960464,8.760463123389221e-08,2.065992240629832e-10,4.927635284637278e-10,1.40470370665286e-19,1.1698865743321845e-13,-7.06246483384104e-20,plastik (47)
plastik (48)_gray.jpg,0.0024330692026039357,2.6900463452455005e-07,9.939732582822566e-10,7.109401179868753e-10,5.605142220496445e-19,3.644865772080516e-13,-2.073470851377551e-19,plastik (48)
plastik (49)_gray.jpg,0.0007268256915334201,4.79979191694368e-10,2.765705209319586e-13,2.562547373155544e-13,-2.4310929538846648e-26,-5.0611277731223335e-18,-6.374109704196125e-26,plastik (49)
plastik (5)_gray.jpg,0.002470314041047133,1.5958382198383264e-06,1.2972118796383734e-09,1.4492695048884223e-09,-7.108745693581007e-19,2.2367309372871496e-13,-1.8556389447060916e-18,plastik (5)
plastik (50)_gray.jpg,0.0007231992571632273,1.43430485384729e-10,9.048810449474886e-14,8.405975666568298e-14,-6.387959937955029e-27,-6.729528443157364e-19,-3.5973840217106184e-27,plastik (50)
plastik (51)_gray.jpg,0.0007268161230507882,1.208386363062292e-08,4.026238532699651e-12,3.3695777815336176e-14,1.14159724443483e-26,-1.9884173230684183e-18,4.869588763306665e-27,plastik (51)
plastik (6)_gray.jpg,0.0008371635484140361,2.6691434776874937e-09,4.552914553704232e-13,9.445621535846091e-12,4.38171320586558e-24,-9.417378365718267e-17,1.909165145670239e-23,plastik (6)
plastik (7)_gray.jpg,0.000919788332334145,7.736371910490642e-09,3.7425874275531946e-12,1.2049484486997173e-12,-1.5584386267800727e-24,-1.962084046989156e-17,2.02948193045455e-24,plastik (7)
plastik (8)_gray.jpg,0.001396944917264207,3.661762001769223e-08,6.148771838040824e-11,3.409025265163364e-11,1.5437142513287199e-21,6.519585784203439e-15,2.3012202717723734e-22,plastik (8)
plastik (9)_gray.jpg,0.0008345255756430823,3.326461556321509e-09,1.2113687877485414e-11,2.9343806645591513e-12,-1.6332819387113742e-24,-1.379581133951748e-16,1.741855030490733e-23,plastik (9)
