0,1,2,3,4,5,6,7,8,9,10,11,12,13,14
000001_gray.jpg,8.943576362445618e-05,1399.010322532198,0.7646903256929418,2972.7531325827913,0.07294013070436947,172.79930291234135,10492.002207798956,8.55204859162113,14.094567818760375,7.722596357727718e-05,6.013850916321257,-0.149779634563881,0.9459739270655743,000001
000001_jpg.rf.42c4ba88119aae9d425f5c004cb2ce0d_gray.jpg,7.746261754069474e-05,838.6615916204092,0.8416857929012999,2648.7663164679225,0.05484071577773116,245.94922591371102,9756.403674251265,8.500836630862386,14.040707529642694,7.222877430500515e-05,5.8472698757935015,-0.1540469932261495,0.9506068067933111,000001
000001_jpg.rf.a23b83dbda863601c92725ae9ba3bab7_gray.jpg,6.707613484110431e-05,1502.4457020136472,0.7238240655112675,2720.377363616209,0.059833208043023264,248.17336964749126,9379.063752451177,8.60090677049909,14.408326220302145,6.156605235774046e-05,6.182335998445378,-0.1293861984597772,0.9270561848054761,000001
000001_JPG.rf.ccfdd243a78a6cfa119be0349d18c0ed_gray.jpg,6.216052747047123e-05,1547.618129925988,0.7428957006421726,3009.4515731126903,0.045358373863999504,209.98787431516718,10490.188162524755,8.489519661020331,14.350317111675915,4.9467112255735183e-05,6.296274485931054,-0.11743080138062319,0.9122806885641913,000001
000002_gray.jpg,6.877436650746643e-05,1898.0546251291555,0.7569118057927422,3903.916513791977,0.07250505232569968,212.63078649137339,13717.611430038738,8.767137783354272,14.476350173893291,6.76881382297385e-05,6.226826520055085,-0.15014509263762515,0.9494859851175264,000002
000002_jpg.rf.ba12a4ce95a3dd81818a5e373efe28be_gray.jpg,0.00017438704662759547,888.3399820531754,0.8850617774933579,3864.1224605139923,0.10380280299503929,195.59380200824202,14568.149860002775,8.578693628919211,13.824773360464036,0.00010075573814285269,5.701710780537347,-0.1916349524471967,0.9712705180040141,000002
000002_jpg.rf.cc63f3f198e4bafa011b425d63252066_gray.jpg,0.00014932084875334922,585.1896686520804,0.911400305244802,3301.7676682392384,0.12330279501287181,177.5471089995434,12621.881004304862,8.563735519464098,13.47027694987939,0.00013407469427827425,5.355160141875034,-0.22738239456127557,0.9829528340171749,000002
000003_gray.jpg,9.559137385641028e-05,763.0776972949097,0.9024683628310038,3911.839387636403,0.0913579190415155,229.2675323943915,14884.279853250682,8.794445204013105,13.957000729858954,0.00010966719560049356,5.555013743162229,-0.2160366779891351,0.9823449166027284,000003
000003_JPG.rf.94d22bad4e3f02b1bef15f769561cd9e_gray.jpg,0.0010310940661009298,157.03017988874473,0.8811336522331196,660.5108804677784,0.2006995755313463,367.61948394247406,2485.0133419823323,7.117371739474593,10.785319211380978,0.0003308618188056871,3.9463092426977875,-0.25251005963050194,0.9766982775786626,000003
000003_jpg.rf.9977c8a2ac9cb00ea0f60901a4b77333_gray.jpg,5.8753862897163965e-05,1919.9551649305533,0.4690081490444288,1807.9260002220253,0.030828735662896546,201.82056510717024,5311.748835957525,8.201267785608772,14.380466596641945,3.671782386847365e-05,6.494077401009175,-0.06203372735103907,0.7723360709521075,000003
000003_jpg.rf.9ca0e5925486fa97540b07414ea9b277_gray.jpg,9.206087122621251e-05,649.2236386546033,0.8980706120620096,3184.581005520507,0.09017279040613863,213.2454440900134,12089.100383427418,8.736858346948905,13.913032275135052,0.00010977477048526525,5.50683891497061,-0.21063878027935728,0.9800182864828939,000003
000003_jpg.rf.cf210b41c1d6dfa4e817572b3eae08b6_gray.jpg,0.00019294450194999694,489.1240562974572,0.8707318440033316,1891.8231824094491,0.08852668582283493,208.63866504169067,7078.168673340322,8.022915733264282,13.03311983582778,0.00012079707057038282,5.311331452423608,-0.16577845828294305,0.9506791221497068,000003
000004_gray.jpg,0.0008958156213106341,182.87421041486445,0.9440996984850298,1636.1368487172194,0.3052059866137623,242.27876214977405,6361.673184454017,8.032426207734915,11.574449783731701,0.00042264343617537723,3.996671384687021,-0.3621285854973769,0.996403690572009,000004
000004_jpg.rf.2b05f74aef4b9075fc4850b59e2cb840_gray.jpg,0.00011286803817925008,752.3540967416368,0.8487569901739056,2486.8166674579325,0.09191145185539451,200.246176861063,9194.912573090081,8.544966977310409,13.837271506041551,0.0001019025014912631,5.624461401121922,-0.17966848466145638,0.9637706304126841,000004
000004_jpg.rf.a08d4635ed056a7cc41f66fefa9eccc4_gray.jpg,7.128380852881085e-05,1797.683282286258,0.6938838828750321,2936.355883141116,0.050536767313810044,209.70841135320535,9947.740250278193,8.5461464913556,14.494377263486161,4.489018149606568e-05,6.4042812880542845,-0.10738455652714204,0.8956410245380446,000004
000004_jpg.rf.bc8c3c9f203da611f150d441db9ac7ae_gray.jpg,0.00014165522500075351,1160.5088058228794,0.6440892207114352,1630.2777020072667,0.0527800576793363,233.32350482686945,5360.602002206144,7.93417488570814,13.556430722278371,6.69993983261501e-05,6.012466694589806,-0.08966094699413832,0.8474756139864522,000004
000005_gray.jpg,0.011964469609431951,248.8622946853373,0.9693333588795394,4059.478459181195,0.3356262898159084,181.283528916162,15989.05154203942,8.23299849925409,11.61647543985866,0.00040954559366668296,4.05163455348589,-0.4158571025344706,0.998792011241252,000005
000005_jpg.rf.003793a128998b50c820a5951d5a5ba5_gray.jpg,0.00010611605312451013,1738.2082335519979,0.6741948945847664,2667.5983069415265,0.06124057283619061,239.00877360870803,8932.184994214102,8.44189649940491,14.258740420237558,5.2829771036565234e-05,6.323652935070174,-0.11761871197319271,0.911578728134216,000005
000005_JPG.rf.216ea83ee4d2dd49c9633c1367894151_gray.jpg,0.0007760472552530455,635.6897121449683,0.9359598904903581,4964.404600595198,0.2716314737558254,266.5970816963427,19221.9286902358,8.606474788072417,12.372585714896307,0.00034782236662285785,4.389513833757964,-0.3821162811001244,0.9984568380245091,000005
000005_jpg.rf.2e2ec7a6579289fe5714bdb2753880b4_gray.jpg,9.683553547287449e-05,2020.9425478631993,0.6381749425254744,2792.5530575590255,0.050153652380735436,153.64549627847458,9149.269682372886,8.350702922059797,14.178720525902161,4.827617191340278e-05,6.4182680502987814,-0.09924256526995034,0.8742362665924444,000005
000005_jpg.rf.64c6c9f622771b349148c96d537e8ff5_gray.jpg,0.0013999879527213824,58.162001198457276,0.9592118087101027,712.9669173259772,0.30141304098720945,288.1753983894415,2793.7056681053946,7.575729674073594,10.866178492767686,0.0004368337214271795,3.656099591061637,-0.3583460286504104,0.9952657042704798,000005
000006_gray.jpg,0.0001076927826613532,1724.323926915128,0.811318575432641,4569.173285142324,0.0813886693025228,186.3405759203191,16552.369213654154,8.754509414052867,14.1449164693398,8.037000424372715e-05,6.054460744813674,-0.17884097696753135,0.9677320486939857,000006
000006_jpg.rf.0c45474870c2a5df516344df31448c15_gray.jpg,9.225680826647098e-05,1029.861634467511,0.7688802119820988,2228.202040040488,0.06041177431075702,179.55635515787193,7882.946525694427,8.367641666186422,13.974069150527507,6.7855276778122e-05,5.97319248268506,-0.12662220673964408,0.9188304713639196,000006
000006_jpg.rf.33a70c1d2244237b53e6924046000d26_gray.jpg,0.0004955725512885074,328.3185364703478,0.9323342733549256,2426.013277195216,0.1504633399369018,145.26497819348327,9375.734572310508,8.10502453989438,12.396728151685867,0.00019691093560050122,4.774507631161187,-0.2720196136415343,0.9896984543384739,000006
000006_jpg.rf.6748007ba9263baa2c6a7961da13e343_gray.jpg,0.0006690147742637494,338.61070384587646,0.9394797129980484,2797.8265868833655,0.2549514711106639,229.47586691416757,10852.695643687573,8.418047140614721,12.286092528734391,0.0003034589666303973,4.427193498828364,-0.3525687059338475,0.99727066519996,000006
000006_JPG.rf.9b7b9fcb1ec280c54ddf5eafa9a0ba02_gray.jpg,0.00013251852175084075,1430.696750213258,0.7672212326526475,3073.0016495961254,0.07016931922234573,136.5188529501874,10861.30984817123,8.401596405574145,13.862768619640047,7.242686130065166e-05,6.069925072611028,-0.13986765270804558,0.9339311751183865,000006
000007_gray.jpg,0.00035872369059904944,420.41862667003056,0.9257024962392073,2829.5932518412396,0.19052206130429938,237.18586787533633,10897.954380694922,8.511466620941084,12.799207296915695,0.00023127536895450914,4.763763547494134,-0.3009994453020212,0.9939855425837822,000007
000007_JPG.rf.a40debf74b3f5228742cd22b8ea9ce08_gray.jpg,0.00024329695139564732,246.06782649702012,0.9288995710324517,1730.7383642030727,0.12492038036940276,233.50901909722216,6676.885630315255,8.293639943147957,12.775980249067068,0.0001849217642315398,4.7835192326139815,-0.2542158599328622,0.9875573855783994,000007
000007_jpg.rf.aacac0039250183e0db8e195ab9a1e9f_gray.jpg,0.00023890102670796724,432.0319958369375,0.9310690478465962,3132.6558216107687,0.1391019026304488,197.21279646049592,12098.591290606126,8.29939103227682,12.857950847993687,0.00016961201485763476,4.994518342287177,-0.2474770834363623,0.9857921630785966,000007
000007_jpg.rf.c1aa0a792a4edb7de41bcc9a00738a8a_gray.jpg,0.005011964026727069,178.45695796088043,0.974077750124793,3442.062494488461,0.41672131292032255,153.15318624447326,13589.793019992965,8.126990137190933,10.82580029924037,0.0005951261909272736,3.4441543294512993,-0.4990201175247962,0.9996046840562332,000007
000007_jpg.rf.dd0bfb8e733e43961547eec533fea3b8_gray.jpg,5.6546324838645034e-05,1774.3113244905785,0.6501892785182103,2536.4686912530688,0.046208478726359345,226.8059052407727,8371.563440521666,8.504669275427107,14.510326803488812,4.488781241801169e-05,6.395854677562159,-0.09811019092661516,0.8783897209784259,000007
000008_gray.jpg,0.0006875579019205037,593.1439268550553,0.9340629218282676,4498.653100038468,0.1752655256945401,143.8379254673683,17401.468473298803,8.344112221651704,12.830235509274244,0.00015448273117174002,5.315833675230594,-0.2517995796008519,0.9867385113218914,000008
000008_jpg.rf.581796408fb44c037aa30c62dd8400c5_gray.jpg,6.428253652887987e-05,1297.696728571942,0.7506705534832208,2602.7981436457267,0.04950939933654351,246.11192314854856,9113.495846010943,8.54198575617242,14.347904292972117,5.432107908092487e-05,6.166930233709608,-0.1250170809060535,0.9190792866028179,000008
000008_jpg.rf.a24ec77372a4a2d8f9cd694ffec10c9a_gray.jpg,0.00010935732532988704,907.9022001303573,0.8103486362648519,2393.4287021651353,0.06939893702563443,171.3481886023404,8665.812608530163,8.402380054535808,13.80944561624389,8.16520510460162e-05,5.813288955297509,-0.15074028161244776,0.9413301090938441,000008
000008_jpg.rf.aebe91f54e904a647432057275ae9403_gray.jpg,0.00038916970501347346,217.29209557321695,0.9606048025997077,2757.8497690612085,0.20335941164243757,308.3996822586264,10814.1069806716,8.474763203816622,12.49868073518648,0.00026426555894978274,4.477769757949455,-0.33363595609083474,0.9965977547542126,000008
000008_JPG.rf.b7fd07c74e94aeda797b5469cb78809a_gray.jpg,0.00023660559727553814,774.2845248071651,0.8414781395324015,2442.1339753959846,0.10357924120834244,143.56798810853996,8994.25137677676,8.085072005045635,12.879214966200495,0.00012914314017071455,5.380994609846605,-0.18753261092931983,0.9644626695671248,000008
000009_gray.jpg,0.0013665181769787103,245.08545625480576,0.938580066573757,1996.081060638568,0.3393244539452801,220.5390257653306,7739.238786299458,8.051922812671865,11.552364568801847,0.00045608659241608843,4.044919643152202,-0.3667234056126925,0.9965966830340562,000009
000009_jpg.rf.8434a803f417f51fe5ebe4f6b9697cce_gray.jpg,0.00015558343003356935,450.43082077806554,0.8723200206106394,1763.995110657267,0.08569286700896986,260.2895681348519,6605.54962185098,8.239163809652496,13.304836163658477,0.00011643812272362666,5.32850995666253,-0.1753878627367718,0.9587337899488296,000009
000009_JPG.rf.ae53b7d399c8fa7b5a4d80c2c59d92ed_gray.jpg,0.0001691136147541209,510.72728876814176,0.9150366293902167,3005.7520660226983,0.12044137322191813,256.7794370404411,11512.28097532264,8.541492154387408,13.334580779849261,0.00014485237278979838,5.189633789943217,-0.2436343728493534,0.9870067482040754,000009
000009_jpg.rf.c6c0c6c8403228f34ac9b2e13fb43904_gray.jpg,0.00012755081857875034,593.4014662179204,0.8088560052450001,1552.6332683633595,0.08345035713156355,251.51830955942418,5617.131607235502,8.218538952365389,13.527140393692953,9.814873142148018e-05,5.558820863459465,-0.14520270577349845,0.9352857611415496,000009
000010_gray.jpg,0.0004607392866551347,797.9465057760233,0.8394663272319964,2485.643695696913,0.20862521136691803,250.87395726703662,9144.628277011612,8.342629116328753,13.011467808275494,0.00018937091731292864,5.305795511036916,-0.24563427350220446,0.9863055810410504,000010
000010_jpg.rf.69db314ea2d581e398dbbc6b0477b22a_gray.jpg,0.0001835784143725301,408.33622494953806,0.9278350691747432,2828.717444353462,0.12347873359035766,146.58822342969046,10906.533552464305,8.459908333630857,13.232357474295403,0.00015361969533502244,5.118711210588307,-0.2344231718382569,0.9839785470775081,000010
000010_jpg.rf.6c2f5a56db2ee454cac569cf9b78437a_gray.jpg,0.00011051733720956992,808.1847138870858,0.8157647300856491,2193.3655501132507,0.08543261769919876,210.64277944480483,7965.277486565903,8.347777959194822,13.754543474715447,8.924034570402363e-05,5.7394629416472975,-0.15216233079779015,0.9447061747909692,000010
000010_JPG.rf.80b3f35a4216f2c10fe1457f402994bf_gray.jpg,0.0003233225625536836,522.168828305219,0.8529083969980311,1775.722741114851,0.1372367900971856,230.5409620398404,6580.722136154169,8.128073802889663,12.61343500414063,0.000190817165223075,4.895744091628375,-0.2410582093325977,0.9840315347492576,000010
000010_jpg.rf.d731a0e01f49ec0a95a0f3a1b10ef155_gray.jpg,0.00011529942455422996,495.2816836823565,0.9462853783261493,4610.910041915269,0.09207820833831627,209.32618360426278,17948.3584839787,8.538091717950183,13.612422424695106,0.00011068760133722549,5.416234953726729,-0.22037560110702625,0.9820777281513393,000010
000011_gray.jpg,0.00021296093715669762,644.9834911001776,0.9258114120051666,4346.794521436104,0.14798004328392295,304.4508842902969,16742.19459464418,8.519329830285113,13.241393990428998,0.00015061311229104573,5.282373556473447,-0.24973185937875436,0.9882485827432097,000011
000011_jpg.rf.5ce2ed4dcf441076fc5244f22aedb9b7_gray.jpg,9.668441529250057e-05,2240.0124448679576,0.6959555292555943,3683.7698691180603,0.06827980146561372,180.67797810637728,12495.067031604267,8.623893044331384,14.352121935750635,5.9542301262152926e-05,6.369108320578318,-0.13641002962651957,0.9360537957040591,000011
000011_jpg.rf.6559a6761a9fef22596aaea88cde3747_gray.jpg,0.00025077409843406634,398.09721149918266,0.867510607134951,1503.5768034529574,0.14097628281882324,281.5350654495866,5616.210002312633,8.11075651242539,12.958996424172769,0.00015244235716598865,5.153389527555476,-0.19791145790123232,0.9685722873962819,000011
000011_jpg.rf.8b7fff6ea8f7330e402b6a7757b1866b_gray.jpg,8.249433769427504e-05,840.6972241896135,0.8895613373129782,3805.9985132230954,0.07345126069789851,187.6623498323961,14383.296828702763,8.751902412339753,14.092267771788816,8.489672600320469e-05,5.765754312143507,-0.1886197956507879,0.971653930597766,000011
000012_gray.jpg,0.0003891794409440607,491.8358278516676,0.8751210819436658,1969.1122461171562,0.20674542264789952,263.8079552485822,7384.613156616939,8.341433758850714,12.51395547319342,0.0002719286881354348,4.598075981213878,-0.30348094682690263,0.9936570987947604,000012
000012_JPG.rf.2c4c735b011d8b107a71fea25fa2e7cd_gray.jpg,9.421416430845884e-05,1618.6094655300835,0.5063006772346353,1639.2578451107966,0.049955268388898216,258.3372093966262,4938.421914913099,8.113127238199276,13.958608614326716,5.669488708507603e-05,6.232693205220096,-0.09306661121784612,0.8624122870390524,000012
000012_jpg.rf.5054aa20e9cbd6b10b821db6b300ac0c_gray.jpg,7.932841273624106e-05,855.9207833675737,0.836767565044783,2622.4076970433484,0.060286544085673105,216.16399120830926,9633.710004805804,8.557022711151266,14.070357147380687,7.372732254188378e-05,5.850897923486402,-0.15282814096601446,0.9477487372240243,000012
000012_jpg.rf.c50f074f2cd7a6b5362f0c6f98300848_gray.jpg,7.763056246962914e-05,796.351384999158,0.8577417720498087,2798.6911223694274,0.06701727209293547,219.8643748948721,10398.413104478537,8.661896088886706,14.106627552571013,8.24310736921985e-05,5.758904808721891,-0.17119081926893892,0.9616285334781914,000012
000012_jpg.rf.fb1054104801ab389977b568bde7e0ce_gray.jpg,5.3624619528678325e-05,2943.0966920775627,0.6711123409251613,4474.401825978965,0.04632445483837628,228.00787560673768,14954.51061183826,8.803860572646226,14.857615185605097,3.699523403275272e-05,6.707589443925043,-0.11979349706388358,0.9212238265640903,000012
000013_gray.jpg,0.0016740691402076565,351.17731132557185,0.9277325598946622,2430.5377816925584,0.34009904881310943,187.6797176416522,9370.973815444666,8.016706463600606,11.345004634246566,0.0004582606697234511,3.9768881986907254,-0.38682080377117845,0.997597342926763,000013
000013_jpg.rf.276a38f9b9f8e84d3f72cc9cabba0cfc_gray.jpg,0.00013748410171232248,610.0169208357356,0.8648739864528688,2256.771796672641,0.08612995330098082,244.93505607819105,8417.070265854814,8.332646537597784,13.505621593561724,0.00010243670148259383,5.508298086005917,-0.18070437103529902,0.963140254548273,000013
000013_jpg.rf.29e141f4c018605414d7abd5ec4740e9_gray.jpg,0.00010752783265930251,1036.599696571029,0.7845008435941263,2405.1543069893637,0.06760042097833403,167.52779183487115,8584.017531386406,8.387166880664852,13.873970613055215,7.637857821131808e-05,5.909519160427371,-0.1404165699168819,0.9340494909730075,000013
000013_jpg.rf.9ba00883de5b5dd801c272cce5818c89_gray.jpg,5.5670669582655415e-05,2557.888817146648,0.6999970131935325,4263.012705576268,0.050108819046767374,218.1094418763215,14494.162005158389,8.790572687859287,14.771563969274261,4.271680840925151e-05,6.586624778794256,-0.1239287367358559,0.9256558539976236,000013
000013_JPG.rf.da886096a055f2b459a99d202eb3fdbf_gray.jpg,4.6139368259252736e-05,3188.915691185478,0.3825623778966074,2582.3518672272585,0.027869949270112222,221.802350343017,7140.491777723531,8.405977296772878,14.768585955910769,2.820012841262749e-05,6.83199692945294,-0.06554185042040324,0.7942938081884865,000013
000014_gray.jpg,0.0005529231950657499,211.79226280156666,0.9679517399253748,3303.6554807203556,0.3140125990250957,208.14669670319103,13002.829660079842,8.467092750646362,11.97546560151375,0.0004615373577123782,3.9478339257248636,-0.39961298928545,0.9985445870604198,000014
000014_jpg.rf.38b062b115e46087392c4a6a42009aa3_gray.jpg,6.199925123944947e-05,2726.6407988514,0.5490598376624399,3023.1378593776226,0.04244029193941855,187.1639612168396,9365.910638659063,8.45259937381418,14.606620186935384,3.415713337077687e-05,6.701084429248973,-0.08609850145652939,0.8540307989130467,000014
000014_JPG.rf.7b43c4e66af30c5b5e9914628b7a92e1_gray.jpg,8.892095878806326e-05,1069.5555037876052,0.8170261071142708,2922.5805338359523,0.09072434971809377,235.30204973748064,10620.766631556191,8.653887105948085,13.975478870044487,0.00010343855194655055,5.71261223474974,-0.18970644485344174,0.9718949114858261,000014
000014_jpg.rf.927348ca51d74a05e3c578fcce761d33_gray.jpg,0.0005329774864781566,292.5607249315167,0.8515502126290212,985.5401690060171,0.11067808738281233,349.28256250600725,3649.5999510925394,7.216193292651569,11.853269169325829,0.00015584114130448755,4.9763483085803735,-0.13328596526379907,0.8997786690893421,000014
000014_jpg.rf.ea60de2dbaca4cb3980931bc035b65b9_gray.jpg,9.968258555075622e-05,513.7303913008211,0.8669683751638145,1930.8619849207225,0.07121330046259611,266.09398042519695,7209.717548382043,8.426282009650556,13.696177301896828,9.512151389798649e-05,5.5038418871386865,-0.16850464956998218,0.9565142954234302,000014
000015_gray.jpg,0.02957344492726252,551.2223541126009,0.9588201445746728,6692.643340218891,0.36973429054464635,286.57823310145136,26219.351006762943,7.64923091213527,10.833529237965882,0.000438136194281207,4.174624407629472,-0.399008867782493,0.9976158639633792,000015
000015_jpg.rf.8a658891a7ac82f12000145ec489cf4c_gray.jpg,6.810838247195337e-05,1166.9411338487585,0.7931354262380994,2820.224415657947,0.05074556558742055,209.76438106737788,10113.956528783014,8.532418202892535,14.262907841075478,6.053369909931439e-05,6.075855517816122,-0.1309768770752054,0.9272595462416509,000015
000015_JPG.rf.df7d83766fb301cd8635988698f82196_gray.jpg,0.00010696663750179404,969.7665791852886,0.6831425175634143,1530.3030435586788,0.05980237421519925,238.38358307201548,5151.445595049401,8.128338200661316,13.719544719576486,7.389907481378875e-05,5.893033927396908,-0.1140235592529722,0.899268280053197,000015
000015_jpg.rf.eebd5ba151182f6edadd573ffdf6fe85_gray.jpg,4.3596988031845454e-05,3512.3368850021584,0.38972318531617633,2877.6007098040027,0.03155452667534776,213.2459286692617,7998.065954213827,8.4713647043199,14.869103493643065,2.6569098733530523e-05,6.900610480030668,-0.06858172872781496,0.8067534162436711,000015
000015_jpg.rf.f1be72fdd82f24951e7abf8c86b9dbeb_gray.jpg,0.00010413260002897666,614.8333401966781,0.8984054603656985,3026.716504382881,0.0972445146177841,207.40732772551416,11492.032677334839,8.642513991343009,13.796862719068308,0.00010558897168859674,5.521753614308191,-0.20642409747323923,0.9774506109825816,000015
000016_gray.jpg,0.00023417034420642556,278.19097223724026,0.9482503750243069,2687.5719305921793,0.18925627339564655,201.08435158652918,10472.096750131475,8.60469361934282,12.84285729806438,0.00024789569699980264,4.58305451280505,-0.3165605287566003,0.9955784267998831,000016
000016_jpg.rf.44f83f63a4ab9ab4519ff90f087397c4_gray.jpg,0.0007608422971568578,695.8360373714429,0.9206706237866125,4386.011720278317,0.12481459633568144,324.77304366109183,16848.210843741817,8.016496978223866,12.842654271809337,0.0001225355303044946,5.5199851109791584,-0.20782768341236296,0.9735477560976314,000016
000016_jpg.rf.62a0c2e7104b1c47655ff1d0bc5890dd_gray.jpg,8.6464486576021e-05,681.2173937007391,0.9181928703295658,4162.626328942322,0.08690648859268461,216.47858684159934,15969.287922068537,8.776686920524511,13.959728200010726,0.00010041899416198281,5.587856461192986,-0.21532974192368814,0.9809757296189172,000016
000016_jpg.rf.73e85f3f95f7bdba3be928f90b7586f5_gray.jpg,0.00010125543367915317,637.0563118001478,0.8422424664157697,2019.3608051574938,0.05875609254229442,243.8060907914023,7440.386908829798,8.349205714333564,13.769389958414896,8.178458835662219e-05,5.665000107792791,-0.14772886563246487,0.9409943838546113,000016
000016_JPG.rf.9a8b06d326724914d88ff7bf7e59a19b_gray.jpg,0.00019454959326579906,777.6317459030174,0.8667383638124154,2917.765626748437,0.09259939453845525,169.27865487432715,10893.430761090727,8.173332669377658,13.305494364298905,0.00010468564791765345,5.59170637025285,-0.16569620697086584,0.9529859751241192,000016
000017_gray.jpg,0.0009080406020102545,184.73670924344,0.9436102216642396,1638.4428350546405,0.30914097877841196,242.27680007388977,6369.034630975122,8.030589727704822,11.559010354928741,0.0004271899577711157,3.993997075522122,-0.3636362964634446,0.9964605064705738,000017
000017_jpg.rf.1b16bea2730faf919fea7016568d1630_gray.jpg,0.00010670376594416246,2228.345681033133,0.7605752613204955,4653.5776217010025,0.05804900775201033,262.39653280889553,16385.964805770844,8.586884007570786,14.42710573286276,4.756735255299336e-05,6.487471562940341,-0.1383661683979749,0.9394643788613233,000017
000017_jpg.rf.8f00dc3b244ac3116d76a494bf3d15c1_gray.jpg,9.439577933621017e-05,937.423360426277,0.8220688993704433,2634.04471156321,0.07764755121406432,205.05888699658777,9598.755485826532,8.591886755362639,14.078058909856516,7.914267264557618e-05,5.86271137711292,-0.1594669399195541,0.9533213710805726,000017
000017_jpg.rf.ba2e5fa6533e4d7816d2a7e294a6d040_gray.jpg,0.0005717810541063001,661.6259799866632,0.8981676588133962,3249.1370631605505,0.11243692207310761,260.6977345402008,12334.92227265552,8.12318947247006,13.22241830448442,9.008123672175215e-05,5.657190108850704,-0.18258860428530008,0.963441164115906,000017
000017_JPG.rf.da78d08bc1a77af01c0c4c51a71f6f70_gray.jpg,0.00013673836901874383,714.8126073205011,0.7094970729198068,1230.3471501645827,0.07003603823047196,329.7498089376681,4206.575993337803,7.970496573950642,13.379538117017724,8.654926122925376e-05,5.694067387948875,-0.11555946434384999,0.8978022391973735,000017
000018_gray.jpg,0.013859373113118332,281.69588429029693,0.9654684765369059,4080.799336534791,0.32735031749177834,181.46336104202706,16041.501461848851,8.188006227361829,11.61708618937209,0.0003919385586772588,4.11058705469312,-0.4085614451454335,0.9986309857949345,000018
000018_jpg.rf.0058d47042114f3a156f9232b3a53568_gray.jpg,0.00016701634036279852,524.8913134972122,0.9327790463446307,3904.675357764332,0.15069699793044974,218.96496765066314,15093.8101175601,8.820065079680942,13.552805756985794,0.00016974211365941935,5.128226079946683,-0.27264164841709904,0.9925365293374344,000018
000018_JPG.rf.36e111eac7cbfd6aaa50376c786844a0_gray.jpg,0.00012102970754509643,1011.0254614961789,0.7708371112711208,2206.0525738793112,0.07301611357301155,228.51799666894937,7813.184834021045,8.260701274509554,13.640562236666778,8.639979545550418e-05,5.801688654654807,-0.14771990970416818,0.9407040688464889,000018
000018_jpg.rf.5ed8b50a0baee1603b659c848822fa24_gray.jpg,0.00013272432044856815,479.1559898836982,0.8517018846760408,1615.5014914255917,0.07439827488464548,268.96303903546703,5982.8499758186335,8.193593776016458,13.371559284057296,0.00010838931095472292,5.401145872352694,-0.1628571174029992,0.950592191607222,000018
000019_gray.jpg,0.0018351392724614798,168.28166567546137,0.9637130481312872,2319.4874116476967,0.376472372132569,187.70493647275083,9109.667980915308,8.018914769989562,11.127424024436612,0.000555116413867045,3.647838757212126,-0.418756647618762,0.9983783626136903,000019
000019_JPG.rf.84f4d33da2cd2fcf85f50f1d715a46eb_gray.jpg,6.450914604113616e-05,1275.1985768844906,0.8134960475670587,3418.7053165306534,0.051263465766937195,316.08349716755566,12399.622689238084,8.541705149721512,14.3100527273954,5.60125119845664e-05,6.156322032151311,-0.13512173122116128,0.9347459752685577,000019
000019_jpg.rf.a18fa60b6d2094c68414610227aa951d_gray.jpg,7.366157605608697e-05,1986.4361257088601,0.674817548742771,3054.0772376674863,0.05706721135363511,160.56838655805456,10229.872824961076,8.544096615996594,14.332341249863259,5.567260303795633e-05,6.3410881246942195,-0.11935233636556611,0.9127767063795259,000019
000019_jpg.rf.cdf730508ce823ef87c6ee777bf9cf1c_gray.jpg,8.523601604151643e-05,781.6700983696163,0.8545363630085976,2686.8035210158846,0.06932634135577369,221.07301936154357,9965.543985693896,8.547325383144951,13.992441329683402,8.412555088089952e-05,5.744830150179958,-0.16391576814157113,0.956135953920721,000019
000019_jpg.rf.e4d28c72e4ca25a59b07de7d8cc87080_gray.jpg,0.0001103665619257745,582.3899244431219,0.8888517565956071,2619.671290341418,0.08885043208854884,183.0106162743896,9896.29523692254,8.564802697821671,13.710532758978845,0.00010860422290573461,5.482212228021443,-0.19625510579828534,0.973087006327665,000019
000020_gray.jpg,0.003373645871449353,430.02377907535555,0.9462720050094648,4000.2127599435426,0.28212965431716874,251.79240334246438,15570.82726069879,8.55434991287705,12.398848032492268,0.00033364220483111397,4.44746496399729,-0.3671251628256015,0.9979140019131726,000020
000020_jpg.rf.94c0d1159c8aaa257792cf2c13801ef9_gray.jpg,0.00019480971468175255,365.49207511834334,0.9607457053347284,4654.165317523856,0.1521510177552722,190.02122451400902,18251.16919497706,8.698747853670373,13.267076653303047,0.00017834435805011927,4.972300513735963,-0.28095580781311263,0.9930020874651886,000020
000020_jpg.rf.b2ba1f0d153f592d072b38bdd755df45_gray.jpg,8.738009915804447e-05,1070.4807890144407,0.7352100513399373,2021.1357923488904,0.05541189207206924,251.50990491938182,7014.062380381114,8.36335886604527,14.024398834716825,6.958398529840934e-05,5.968016641712028,-0.12235247553767196,0.913591333788675,000020
000020_JPG.rf.ebbafb64b09f4937003dcda6b94d27ee_gray.jpg,5.6469197346579356e-05,2094.644519280443,0.5293456668530976,2225.218564625223,0.04344369762535307,257.3351079362503,6806.229739220449,8.394483933630825,14.52003566757874,4.199364522359685e-05,6.500284269157237,-0.08552985044949042,0.8509008630742851,000020
000021_gray.jpg,0.0020669926760252207,1293.6600119395184,0.7765842572391313,2898.5614192673365,0.27080966421288044,307.6875626712081,10300.585665129827,7.722414200302449,11.136618261237878,0.0003609366055276458,4.411124293587657,-0.3292082359050601,0.9933804947465195,000021
000021_jpg.rf.22832d293d317b13e588374218a71e00_gray.jpg,0.00047121737584670913,158.54787805471446,0.820245690314485,441.07161213303334,0.14921426139942734,338.1722879271193,1605.7385704774024,7.317445773540218,11.702304904039018,0.00021066836435156542,4.55947471486383,-0.1692496818048933,0.9371318321626532,000021
000021_jpg.rf.686ef3b74a19214af6e22e15ad692bca_gray.jpg,8.398386090934168e-05,819.9723848700007,0.8258997330393907,2355.260124119837,0.06029599381616901,211.10638621563817,8601.068111609333,8.475525202979554,13.995665605993887,7.542961296978757e-05,5.815963735905474,-0.1480373656745685,0.9423877525466907,000021
000021_JPG.rf.83716ea370ecf4752af77f799e00cff8_gray.jpg,0.00022024599142183118,683.0288984405033,0.8926177886970882,3180.578229943239,0.13731271919493454,248.20612501802185,12039.284021332414,8.585916153293738,13.390342602304566,0.00015574302505842104,5.26903415356113,-0.24721911592475646,0.9879795314344031,000021
000021_jpg.rf.dedb632cd4867ee95608a988ff38fee7_gray.jpg,8.041104881964954e-05,1193.9141215968605,0.766877879282892,2560.7092527267887,0.06321461912375591,164.74150133061798,9048.922889310285,8.507608303222206,14.093313646448117,7.128832288674128e-05,5.998206865634124,-0.13967072684373832,0.9362200548767966,000021
000022_gray.jpg,0.00038333254916539654,445.77984199286306,0.9230156994052983,2896.0463433421146,0.20213384721060793,183.16290136305744,11138.405531375587,8.485304504400588,12.823035817670226,0.0002383819099218536,4.816807026549197,-0.29235554704560035,0.993370305462659,000022
000022_JPG.rf.2142a3416365cf34993f4abb1d7d8458_gray.jpg,0.00011445460380857581,1215.947549560264,0.8392407019834793,3780.9293509287972,0.07095236180896126,169.13970966695499,13907.769854154909,8.419251258709785,13.816097909720302,7.636378028981913e-05,5.968635077864361,-0.16260759077949427,0.952107852130276,000022
000022_jpg.rf.24374a2700679021d5ab94c2ad2434e7_gray.jpg,6.670851023876171e-05,1154.4623087574475,0.7704246401330848,2514.0198165530996,0.05397964879837765,211.59826668228558,8901.616957454939,8.512203275226769,14.241699105415403,6.103474308280044e-05,6.072734561604627,-0.13062301476830923,0.9275703477226048,000022
000022_jpg.rf.6305b19f11fbdabcba40fa94e8b45bbd_gray.jpg,8.572963475388261e-05,703.8599441771183,0.87080209578244,2723.9943674164656,0.07599777743320361,212.88749379745767,10192.117525488724,8.634643628686316,13.962604018376128,9.234165838202009e-05,5.643772845692382,-0.18371060848947354,0.9685843757831983,000022
000022_jpg.rf.6c1e872d94a0fb00c1d2b610a5c3184a_gray.jpg,0.00011308645927282998,1311.914463217271,0.7451204812759074,2573.395496632252,0.07278332260599224,140.0917817966647,8981.667523311731,8.404250530661894,13.891262058358079,7.826464472451346e-05,5.981427766780001,-0.13761688407157963,0.9313194973668277,000022
000023_gray.jpg,0.00027900734509994825,460.8463053873507,0.9145988637073635,2698.334123583095,0.19270763485346948,217.1515779988465,10332.490188945021,8.521649249097713,12.970397336484488,0.00022527577535177404,4.892390117457515,-0.28152383695948674,0.9924976904228415,000023
000023_jpg.rf.1957fc0be7e5963e79f9caa40915198d_gray.jpg,4.60659118158492e-05,3131.5932496816094,0.48165029043278546,3020.671272422187,0.035820109238422874,192.79404982458658,8951.091840007117,8.540218045094147,14.793072272208905,3.249345834136073e-05,6.7788580361506785,-0.08172391151007531,0.8445033985573793,000023
000023_jpg.rf.2c7afb3316f1734a18b8d1169b907f85_gray.jpg,8.406291661883092e-05,787.305349610125,0.8367744264689406,2411.5641351037675,0.06641411968660353,234.90685525098516,8858.95119080493,8.474029835801046,13.960306218818618,7.572617337054254e-05,5.803803487487675,-0.15212790698338,0.9458266794561024,000023
000023_jpg.rf.5aa9e0a58af86a4baa08d4bfe7513ef9_gray.jpg,0.00017806271277787718,325.6748800941942,0.8988030765469401,1609.3251391017498,0.11198589466291263,187.17758809712606,6111.625676312795,8.239657518158364,13.055638520313298,0.00014734794731099845,5.070235698664397,-0.20658738838871515,0.973158983146071,000023
000023_JPG.rf.c65a0d2377e99a060d4cfac3b8273594_gray.jpg,0.0005782726703823162,280.0452252288782,0.9718404099390496,4972.644236606902,0.2592663786825904,216.20077660935695,19610.531721198713,8.576887760539897,12.287622333189162,0.00034276161871531907,4.257558115676763,-0.3860795445273642,0.9985233497018047,000023
000024_gray.jpg,0.0010125867049633136,384.338578521482,0.9206213124155155,2421.6923101346115,0.30542557243003643,206.56809406237983,9302.430662016946,8.13914587911308,11.753422649327716,0.0004137124564423199,4.201193792549331,-0.3538862437983018,0.9960781476217957,000024
000024_jpg.rf.090bff7e0ebd097734b99fa1013d587d_gray.jpg,0.00015333106181819736,614.1894269481684,0.6321894665458122,835.202251792391,0.055132578041287954,252.05890959907242,2726.619580221388,7.699648363282219,13.177830173409971,7.986431611836222e-05,5.67078859488227,-0.08088677772682007,0.8154819850173274,000024
000024_jpg.rf.5545363767994e0edf0a31ceda3dc6e5_gray.jpg,0.00013451111812786513,621.5415036284115,0.6972202162900232,1026.2875224459049,0.05771362274240745,268.993966623414,3483.6085861551946,7.840419885043552,13.310068489493338,7.82286745208879e-05,5.675748976380655,-0.0945780265231708,0.8512438560865413,000024
000024_jpg.rf.5ae48b6ddd7f0f7f3ba97f14717cc6c6_gray.jpg,5.2594533472382295e-05,2687.7870035413034,0.5555961049896002,3023.9856127686703,0.04346106453097479,184.82415685974132,9408.15544753336,8.55980064739097,14.658210671821344,4.08138635397846e-05,6.618958071715857,-0.09514231593700863,0.8753228912392716,000024
000024_JPG.rf.f8cbab833a31156b0ba7441b9bcee081_gray.jpg,0.001625388332928672,233.59326971597451,0.9746817175777395,4613.759252283963,0.3269711316984369,262.78399188413107,18221.44373941985,8.533111624631701,11.82360977025038,0.00041851130833163837,4.010201548869572,-0.43762500370926016,0.9992622256157541,000024
000025_gray.jpg,0.0012281838750509177,177.71302129889946,0.9607893781852668,2265.5890990674116,0.3154081017678322,345.64724957047764,8884.643374970728,7.983181052911253,11.312821564132243,0.00045806011498173197,3.8768225799215523,-0.38771123671277385,0.9975434908220094,000025
000025_jpg.rf.27b0c7d7e6bb159099bf20cc703c2662_gray.jpg,6.280214959834783e-05,1134.807313878675,0.7770096694703614,2544.4038719188106,0.05100436500100468,223.6611413428729,9042.808173796544,8.5488094252598,14.296000833934837,5.93878474443216e-05,6.074231871764987,-0.1286585813860378,0.9243398850639495,000025
000025_jpg.rf.2c5a598559f4ac3e19a1a3bf2a098d4a_gray.jpg,0.0001468615100099914,499.4197841274986,0.8189393486351371,1379.2533117738894,0.07378263874796534,262.3498134431468,5017.593462968034,8.107246044861691,13.284197742148145,0.00010109685998602172,5.43676872173268,-0.15501727525013448,0.9433078410974394,000025
000025_JPG.rf.815dda9504412159afed35e46b5a7bc6_gray.jpg,0.0012019355537049423,913.8126234350968,0.8988520319313553,4516.268983520096,0.22216076748861247,178.35137577794598,17151.26331064527,8.291827713353989,12.40723394288392,0.0002446098121435135,4.942693698013473,-0.3000129230100622,0.9920384928060813,000025
000025_jpg.rf.96f8a937bf9ac013ea3422706daad7f2_gray.jpg,0.00010335509521307655,1489.1815090500036,0.7792076222331521,3372.301828045155,0.07913657231432529,165.6610655607218,12000.025803130602,8.585439697436227,14.049998684911266,7.898804555291087e-05,6.032104670650723,-0.1599383812951382,0.9542448591659954,000025
000026_gray.jpg,0.0004597255977675572,493.9892799944731,0.9341566230597476,3750.8285725351593,0.21326389574026666,224.38102607771043,14509.325010146156,8.49576595213928,12.78032891135142,0.0002466276509516552,4.802062234164973,-0.3010257349261383,0.994000391315009,000026
000026_jpg.rf.0c461fdb6595f50eeb6fee3b8532f452_gray.jpg,9.994797521284441e-05,777.4214818068759,0.7651504365132077,1655.4514671572579,0.05027010797482974,230.39068361627733,5844.384386822139,8.15508024698873,13.747630185974204,6.963344274411882e-05,5.827463266874843,-0.11280291664755276,0.8953227903080279,000026
000026_JPG.rf.4e2d2c91e5c4c4797ec026217430960c_gray.jpg,0.0005905343177409338,233.4039048382832,0.9401227270189089,1948.600465708193,0.15652342447885198,319.7000741601787,7560.9979579944775,7.989028452030385,12.286071437859722,0.00021921456072291034,4.632657304978254,-0.2617013559321694,0.9872293036491406,000026
000026_jpg.rf.7f0e1403c9665cc1ab664ca6100d6308_gray.jpg,6.211805894446233e-05,1413.0702262501186,0.6181551679074028,1850.3536553587237,0.036902887029229,257.18210734753455,5988.344395184744,8.297043134329318,14.286568330711715,4.625999545392388e-05,6.267575288402128,-0.0831846669354047,0.8387372260524174,000026
000026_jpg.rf.cb9edd2738736188ea9a5c1a33f2d085_gray.jpg,6.194909199709028e-05,1864.6426393544534,0.7148822962393245,3269.9962386856914,0.06093244223422803,204.8318632707371,11215.342315388292,8.665602538072015,14.444079351007225,6.283252469540512e-05,6.24487924862656,-0.13668986695625193,0.9352461766275424,000026
000027_gray.jpg,0.0007021867246136467,545.3910358245627,0.8299803711041873,1604.2820513689403,0.240035607084777,255.93384315828038,5871.737169651162,8.100836681426085,12.334887948230985,0.0002802023746813497,4.696418169791193,-0.2770151677112224,0.9895759415491552,000027
000027_jpg.rf.17f02195e9d2f6c52cf2ec29995d1190_gray.jpg,0.0002139303979892433,273.8936149557861,0.8893425366718928,1237.5446354340766,0.11657819476696156,258.1856172205401,4676.2849267804995,8.060637323901176,12.7687588987698,0.00016166491895178617,4.939212037994977,-0.204738062767508,0.9711213909959375,000027
000027_jpg.rf.78100628554443378adcc62660a75524_gray.jpg,5.8630527318357185e-05,1417.2906321036364,0.6990590105382496,2354.59651437866,0.04584451344299729,243.28159246143298,8001.095425410967,8.482164300223832,14.38268412898526,5.2516375209326076e-05,6.226189233686485,-0.10512305999531082,0.8875375520998212,000027
000027_JPG.rf.8063f46827257d27073fc88c205da226_gray.jpg,0.0005769678996489498,372.41846115376296,0.8892003905535544,1680.3525731281125,0.22428601465545545,138.0572354833477,6348.991831358682,7.874466940573154,11.65051724758063,0.00033312267339499,4.1841170500306095,-0.3082781396772523,0.992453357290642,000027
000027_jpg.rf.971b8cf615c3c0239d8d8acf9bf5e93b_gray.jpg,6.886216796839122e-05,1507.158755241372,0.7522144792069029,3041.0795454558797,0.06379408681711528,193.78668737685015,10657.159426582135,8.61939401252393,14.296922867503795,6.868209675489899e-05,6.111876664728471,-0.14327011158205055,0.9415941089949547,000027
000028_gray.jpg,0.0010520018895668706,81.06670494821701,0.9852606607963885,2749.113618424519,0.3821439459237633,204.82976864367066,10915.387768749859,8.360947877045415,11.300320427210623,0.0006033558041696163,3.4093915600866893,-0.46798995851035685,0.9994289696960974,000028
000029_gray.jpg,0.0453214470138587,328.80430382845543,0.9732896357984968,6159.720334116378,0.4103852556083061,271.2494280294838,24310.07703263705,7.050438267748863,9.855531959592758,0.0005319460354518103,3.8051858650131356,-0.4214211120436899,0.9972971375407045,000029
000030_gray.jpg,0.09946301192578488,153.97294526143793,0.9796992870833193,3793.823753005274,0.5193263238028231,351.4207403102172,15021.32206675964,6.21058363312586,8.45005255959326,0.0008170360622217529,3.1751155061076703,-0.4626260120446567,0.9967179701947192,000030
000031_gray.jpg,0.0001827377951770834,940.3629400200646,0.9098495386018776,5215.44790876849,0.15709468137769944,317.2249036578479,19921.428695053863,8.703576418704221,13.361402129207992,0.00017786988378858926,5.205930204708157,-0.2719672864833745,0.9922314042046897,000031
000032_gray.jpg,7.643582207565104e-05,2219.846774017203,0.723716454324597,4017.4070631752256,0.07571691574785087,235.0216898848999,13849.781478683688,8.747621269956296,14.39334898536459,7.383938691652284e-05,6.233716668390265,-0.15476944658196404,0.9430895330211754,000032
plastik (1)_gray.jpg,0.00890438805071296,1772.768406141869,0.7075329057672978,3030.303549140024,0.3214721716218893,176.5838201352845,10348.44579041827,6.4987753748321255,9.667406010892464,0.0005309485538423741,4.070764365355268,-0.28470890464819965,0.9791249635400366,plastik (1)
plastik (10)_gray.jpg,0.0004969716201952464,1778.0806588811984,0.7280416858304999,3269.5528954341294,0.12699019805809406,243.80907355344084,11300.1309228553,8.596554988976912,13.939749229384365,0.00010137793829392388,5.990599753111164,-0.18245954753893395,0.9679993102752602,plastik (10)
plastik (11)_gray.jpg,0.00017201478673429125,520.1983967704725,0.9331596557442193,3891.5963860231955,0.18967974891660688,230.98592951028442,15046.187147322282,8.830072647035818,13.378755865576494,0.000209955063500898,4.989862736344316,-0.2954080584423565,0.9947333670753293,plastik (11)
plastik (12)_gray.jpg,6.511850252738209e-05,1226.7660425076883,0.781890388060477,2812.3687182066533,0.052318126289409045,285.6409803020472,10022.70883031889,8.602244986173638,14.33713087703021,6.197882906135637e-05,6.085774467732006,-0.13487268784977616,0.9325402737977431,plastik (12)
plastik (13)_gray.jpg,0.0012789937108123209,1272.9316815497632,0.7013230704683624,2130.9304704497663,0.22529523790385403,199.13740681168292,7250.790200249288,8.241383728195188,13.151927388249936,0.00016880272554208948,5.675371165936197,-0.21181560955389944,0.9771525416015975,plastik (13)
plastik (14)_gray.jpg,0.010393734891288005,1292.4135267835686,0.8423070224465807,4097.456022797684,0.338174110069839,265.75565628304014,15097.410564407171,8.007490030311669,11.406858700805776,0.00038247535868963004,4.362826977240422,-0.39490340906360305,0.997972060650579,plastik (14)
plastik (15)_gray.jpg,0.018314573097547776,1306.0527002084536,0.8709738751007519,5061.18493773592,0.44511683571767546,354.91146105163875,18938.68705073522,7.3125277340728045,10.165211513946485,0.0006011503598596655,4.034689599532156,-0.4187458734439,0.997462172854213,plastik (15)
plastik (16)_gray.jpg,0.002034179544037361,741.1195036163971,0.9331128371993154,5541.547453266471,0.18990891534114668,237.56233098447706,21425.070309449467,8.665355783972611,13.204699556332727,0.0001738866626634804,5.235769440643704,-0.2871741675373904,0.9937200540934564,plastik (16)
plastik (17)_gray.jpg,0.0002569198405262963,397.7485660563243,0.9162999331369495,2376.039793524952,0.17644270566506345,239.36500699851013,9106.410608043476,8.508426614120594,12.919879627474531,0.000205534177501979,4.8412890644900965,-0.28644676896320465,0.9925013847995993,plastik (17)
plastik (18)_gray.jpg,0.0002257109599862714,407.27406990400306,0.9370482684657097,3234.826543456242,0.1587016565099392,260.25182548478944,12532.032103920952,8.533321031286164,13.087734471851967,0.00017953068521675504,4.991887599710635,-0.268291184449286,0.990580971111648,plastik (18)
plastik (19)_gray.jpg,0.0003225370457420067,1200.7782749122925,0.7081058603583432,2056.93546426829,0.10605623821769673,284.6182944660706,7026.9635821608135,8.309347807789202,13.783466752193467,7.57494704939238e-05,5.99756760610744,-0.14138839121301322,0.9344500919086319,plastik (19)
plastik (2)_gray.jpg,0.00010577191963737447,826.0365535040601,0.8595828110854931,2941.463080856214,0.114334205611618,251.92379684195976,10939.815769920788,8.689606550046083,13.913650793767907,0.00011218625075796977,5.666229648788763,-0.2009090939214958,0.9763490298715771,plastik (2)
plastik (20)_gray.jpg,5.990604503890168e-05,1740.1972722630708,0.8189428911550007,4806.0568555194695,0.06516036991818094,272.86439245122057,17484.030149814786,8.932424771154098,14.591933043000019,6.30827041363732e-05,6.219834318390719,-0.1678550769396372,0.9638409550788966,plastik (20)
plastik (21)_gray.jpg,0.015797000487769653,1392.5963852694872,0.8996765301443632,6941.515729713436,0.24533768856057342,297.17732967788834,26373.466533584204,8.329494729234824,12.73866180304592,0.00019827645420271369,5.523860324786513,-0.28657320783334495,0.9926411597604868,plastik (21)
plastik (22)_gray.jpg,0.00024885405309087833,710.3880993638261,0.8666277154994007,2663.429549572208,0.19586612272125098,307.83991747464904,9943.330098924973,8.59558960723548,13.322830606747,0.00019082590524841214,5.19661892538296,-0.25729241827415666,0.9895585165157835,plastik (22)
plastik (23)_gray.jpg,0.022755364484754244,810.3331907950069,0.870872788283614,3136.774807887431,0.44955534817434617,177.37769170811708,11736.766040754765,6.022175961232133,8.463204132454457,0.0008137409001429522,3.3972370772984943,-0.3639981651283706,0.9877952853499885,plastik (23)
plastik (24)_gray.jpg,8.376323660636427e-05,1458.7559719819283,0.8080841208338125,3800.5293838627854,0.06277382602614578,231.64173677191454,13743.361563469198,8.806794098040584,14.513926132230894,5.9470935006254196e-05,6.1856843137829465,-0.15302461473431142,0.9524314831350578,plastik (24)
plastik (25)_gray.jpg,0.01911249840413281,2852.6469482290468,0.6302190640601539,3856.4941570436367,0.3091480101105521,395.9430019103229,12573.329679945484,7.512560363678043,11.170084302866876,0.00030458871968050297,5.173187922072408,-0.2804693410533772,0.9857847085474369,plastik (25)
plastik (26)_gray.jpg,0.12528084940124778,3319.18040185866,0.7727769298261877,7302.372363523236,0.4674982449094983,387.1537175004806,25890.309052234297,6.050122281991263,8.476427153584112,0.0006613429766776136,4.519283013225069,-0.27630206541414104,0.9655460229982187,plastik (26)
plastik (27)_gray.jpg,0.018163533192947987,1165.7571966010669,0.6891619193246555,1875.074415552489,0.38436280446527465,318.6801136281718,6334.540465608883,6.978098042616303,10.442998875968332,0.00045292512112281,4.525880265659204,-0.3189597688212059,0.9900267693293854,plastik (27)
plastik (28)_gray.jpg,0.00013234421615742557,1263.8266455660073,0.8742960506382409,5027.009246191009,0.10644832718778803,223.152104914576,18844.210339198027,8.905381145253315,14.097947923260664,9.948825123980002e-05,5.838528945584814,-0.22145165876283243,0.9839969776342805,plastik (28)
plastik (29)_gray.jpg,0.04604543081734516,1550.0724153120195,0.8231157133381719,4381.356408786218,0.5130368459207405,317.9047619755623,15975.353219832876,6.244246083903646,8.305431919925208,0.0008140855500893676,3.5537716956619763,-0.45393161487717865,0.995982162929482,plastik (29)
plastik (3)_gray.jpg,0.0033974597515580916,241.31123155757388,0.9291878700004799,1703.6867715883254,0.3791066249805801,351.3331012411091,6573.435854795724,7.888973069671863,11.325442912517037,0.00045947387866424223,4.124185147323409,-0.3674613851589676,0.9967284418174408,plastik (3)
plastik (30)_gray.jpg,0.00012088169588895701,681.6795238760328,0.903750448447578,3541.375559340925,0.1323159825846801,271.4825045204968,13483.822713487662,8.810008046306553,13.723753373766112,0.0001508997887430627,5.296879135116704,-0.2493997707805365,0.9892460075954985,plastik (30)
plastik (31)_gray.jpg,0.11631914209407257,936.6380599408881,0.9481288512125755,9029.64149968782,0.4756761205333626,297.4529905565167,35181.9279388104,6.366063536803916,9.184584510809938,0.0007017439217695534,4.093472207811342,-0.3731183482275523,0.992277558196564,plastik (31)
plastik (32)_gray.jpg,0.0002537384736142134,305.39803194684725,0.9613587195153417,3953.062704982701,0.24207590026208006,256.39853878316023,15506.85278798396,8.85099324618972,12.791929701082804,0.00032773707937154106,4.33113978391684,-0.3737993949727877,0.9984488918842575,plastik (32)
plastik (33)_gray.jpg,0.0433790777832898,1508.7530167033115,0.8147044124477988,4070.4510674747107,0.4014122285061497,277.39937420403214,14773.051253195521,6.745682698209259,9.777797786252512,0.0004901302651733922,4.4517416022574565,-0.3271889118196977,0.9886316697407349,plastik (33)
plastik (34)_gray.jpg,0.05143710834255848,1212.2032193897783,0.8252791088197228,3468.8228938698157,0.45080716211389366,286.29432788771146,12663.088356089494,6.314462376839133,9.182266490244578,0.0006128648207267265,4.177259866817635,-0.3484433254559156,0.9893198173423943,plastik (34)
plastik (35)_gray.jpg,0.07914144883717293,2685.02272314134,0.7358038970655701,5082.022215016723,0.4840908119344781,379.81434195982314,17643.066136925518,6.437204236892947,8.875004759668268,0.0007083664102620338,4.130513195766497,-0.37660205453854845,0.9913721140115738,plastik (35)
plastik (36)_gray.jpg,0.0003101451868486243,1277.5820312499995,0.8475554444892508,4191.380464272895,0.14189507902674492,311.7150142072759,15487.939825841564,8.763021872859941,13.801065835500962,0.00011568992992916659,5.733386334198737,-0.2292274557706772,0.9849963660180915,plastik (36)
plastik (37)_gray.jpg,7.599324062283351e-05,1927.6597409049386,0.7506223714660283,3864.926150106353,0.06644078331731045,252.58615868896567,13532.04485952044,8.725683959854816,14.524859882116397,5.4177955470328216e-05,6.359366138016736,-0.13545638726658277,0.9353298578737261,plastik (37)
plastik (38)_gray.jpg,0.019588655749762998,1709.6639737120342,0.5916322436760132,2093.1403999800077,0.36476335724571557,390.53442350898695,6662.897626207981,6.952596325348207,10.31824552441219,0.0004143960642688801,4.680154971816841,-0.3032147976610603,0.9866339427383011,plastik (38)
plastik (39)_gray.jpg,0.05245239680923959,3442.1808499585495,0.24687307554299956,2284.836760109947,0.4193360787865167,447.5368126892301,5697.166190481214,5.688022453484904,8.222725168648495,0.0005429686342497494,4.123312343575377,-0.24921473624194862,0.9494987235764591,plastik (39)
plastik (4)_gray.jpg,4.074125873879604e-05,2565.607617908374,0.5996364353967756,3204.0683724217274,0.03513317910255072,242.45123788026225,10250.66587177851,8.668862762791516,14.884423544789726,3.5028779454773583e-05,6.658391108633357,-0.09319802214217153,0.8738144973536623,plastik (4)
plastik (40)_gray.jpg,0.0056569248503785495,1195.0395615568532,0.6593007097802733,1753.3175478630505,0.3407112000030388,222.8040802515859,5818.230629895341,6.756462177075386,9.83225844427324,0.0004647787038315043,4.201554295168999,-0.29295601286081824,0.9820007613729005,plastik (40)
plastik (41)_gray.jpg,0.00017023633021942257,564.0541240298198,0.927958324442738,3915.0014358779777,0.19068671697771403,231.50093294946646,15095.9516194821,8.832653539788094,13.396528938790176,0.0002085207557165369,5.0169696151632825,-0.2940844336849452,0.9946550800100428,plastik (41)
plastik (42)_gray.jpg,0.011227211720250374,1968.028117070358,0.604766860527516,2489.193040459226,0.505040588964359,447.0263889489619,7988.74404476655,6.640211725463775,9.071492690290636,0.0007591627858347033,3.7561313892704025,-0.3599384558761217,0.9899899010730644,plastik (42)
plastik (43)_gray.jpg,0.00031400092860606286,1088.2888413410699,0.796891989797906,2679.045645613476,0.1453742007285952,324.81458756848315,9627.893741112803,8.52137077384506,13.611406886586064,0.00011767950589659681,5.715988892402607,-0.20678878677111784,0.9768835936074469,plastik (43)
plastik (44)_gray.jpg,0.029749629249983013,3319.942469738202,0.5680821598169998,3842.9192925572142,0.3841272876175645,331.7959770130479,12051.734700490633,6.625135525615779,9.741346610491743,0.00046394457102223805,4.519854609657161,-0.3223604961388261,0.9874698704758875,plastik (44)
plastik (45)_gray.jpg,0.0001381452773516259,490.4611552648014,0.9063047127489827,2617.5131174141593,0.11338057292720814,224.93034674163775,9979.591314391824,8.603516636133978,13.585014703355245,0.00013603132210278243,5.28034949339897,-0.22260374213469455,0.982286634817667,plastik (45)
plastik (46)_gray.jpg,6.507700124543049e-05,1247.9916569648678,0.7419720229177729,2418.371009382739,0.05131732763618847,245.81782217176078,8425.492380566062,8.548034877459914,14.336328840272955,6.081609856841966e-05,6.10481717493773,-0.12467253746723236,0.9196624351991662,plastik (46)
plastik (47)_gray.jpg,0.00010005156335478437,1348.6311622933474,0.7611169694278995,2822.7662264994724,0.06605728697687804,165.91463745915027,9942.433743704532,8.502108097597773,14.06823904456262,6.824499959569838e-05,6.07810182480125,-0.14203012488539962,0.9385953455615826,plastik (47)
plastik (48)_gray.jpg,0.0016102358982219031,1495.4622506517926,0.6778149465395747,2320.609937012878,0.19210322427058263,196.1914136840398,7786.977497399701,7.804287588140751,12.26533482567915,0.00019027316986677473,5.283672859332085,-0.22992531216390433,0.977151269312907,plastik (48)
plastik (49)_gray.jpg,0.050663953132499835,1732.8324780282828,0.6105434467375032,2224.1846069891744,0.487875735973286,420.42397417760003,7163.905949928405,6.073067859333506,8.73536781542288,0.0007145745206254267,4.034295826464964,-0.35658344405630604,0.9880829567234939,plastik (49)
plastik (5)_gray.jpg,0.024014529155196477,809.9389462286142,0.8710275768437294,3139.0192156190196,0.4633625473415322,177.38345945669937,11746.13791624751,5.967109961362133,8.331542431415862,0.0008584279459395172,3.336575329790755,-0.36976856589174967,0.987926712189335,plastik (5)
plastik (50)_gray.jpg,0.14251832766765693,1934.5806750108134,0.705426813194166,3282.4066750418297,0.548455694334103,450.1658380490677,11195.046025156451,5.1870703224378945,7.154754138922954,0.0009023280773240207,3.7251994182266235,-0.3052788740349717,0.9600216171570548,plastik (50)
plastik (51)_gray.jpg,0.016982065421016893,2072.491731275231,0.7099741737649726,3572.744166323093,0.38645874814454056,381.18918748197814,12218.484934017164,5.964442038904489,8.828057672753827,0.0005280016180771428,4.109854402402831,-0.24775413535579496,0.9567911089951254,plastik (51)
plastik (6)_gray.jpg,0.0003188880133317987,1181.1895638846831,0.7832006732992696,2724.1047121185575,0.14529969438870655,325.7635992917386,9715.229284589539,8.526427636713805,13.647533812132924,0.0001145681927032491,5.7653705931993695,-0.2040934961465463,0.9760967944120684,plastik (6)
plastik (7)_gray.jpg,7.967266836584663e-05,1827.2467313052664,0.7645313179384196,3879.9666613216687,0.06816215346851448,311.31797568843706,13692.61991398138,8.703539607778211,14.319456997441375,7.085005483504121e-05,6.153928677571166,-0.1530258004246208,0.9512346983054385,plastik (7)
plastik (8)_gray.jpg,0.00010558934260279499,555.1265173551034,0.8986373602097387,2738.7001354696968,0.1020447341689272,239.27825472774884,10399.674024523663,8.672895407529456,13.70897877434556,0.00012933035133578196,5.338960841927999,-0.2216831678309176,0.9823065789740095,plastik (8)
plastik (9)_gray.jpg,0.00013599631959538205,588.8653512921708,0.8458052113642818,1909.267793649149,0.09257196069431975,304.176935027994,7048.205823304419,8.385993410672105,13.550600414265855,0.00011631060917051744,5.43934295214112,-0.1799080797175578,0.9631117504961132,plastik (9)
